area;u_18;18_24;25_34;35_44;45_54;55_64;65_74;o_75;pop;White;Black;Native;Asian;Hawaiian;Other;2_or_more;Hispanic;Non_Hispanic;;;
10180;23,7;13,0;13,8;11,5;13,5;10,8;7,2;6,5;165.252;79,58;7,37;0,66;1,34;0,08;8,03;2,95;21,25;78,75;;;
10420;22,4;10,6;11,7;12,7;15,5;13,0;7,3;6,9;703.200;83,25;12,06;0,19;2,02;0,02;0,43;2,03;1,53;98,47;;;
10500;25,9;11,3;12,6;12,3;13,8;12,1;6,8;5,2;157.308;44,54;52,15;0,23;0,94;0,09;0,86;1,19;2,08;97,92;;;
10580;21,4;10,8;12,1;13,0;15,6;13,0;7,1;6,9;870.716;84,90;7,74;0,24;3,12;0,03;1,52;2,46;4,14;95,86;;;
10740;24,6;9,8;13,8;12,8;14,5;12,2;6,9;5,4;887.077;69,63;2,68;5,86;2,02;0,10;15,40;4,32;46,70;53,30;;;
10780;25,4;8,8;13,4;12,6;14,4;11,9;7,6;5,9;153.922;65,96;29,61;0,82;1,05;0,03;0,86;1,67;2,83;97,17;;;
10900;22,8;8,9;11,2;13,4;15,8;12,7;7,5;7,7;821.173;84,49;5,02;0,26;2,49;0,03;5,34;2,36;12,98;87,02;;;
11020;21,1;9,3;11,1;12,2;14,8;13,7;8,7;9,0;127.089;96,18;1,68;0,11;0,56;0,02;0,23;1,22;0,97;99,03;;;
11100;26,3;10,3;14,2;12,5;13,9;11,0;6,3;5,5;249.881;79,80;6,11;0,76;2,61;0,04;8,07;2,60;25,26;74,74;;;
11180;17,8;29,0;14,3;9,3;10,4;9,2;5,0;5,0;89.542;88,61;2,45;0,18;6,01;0,02;1,03;1,70;3,01;96,99;;;
11260;26,7;10,6;15,0;13,5;15,5;11,5;4,7;2,7;380.821;70,38;4,49;7,36;6,48;1,61;1,97;7,72;6,66;93,34;;;
11300;23,1;9,0;12,4;13,2;14,3;12,6;8,1;7,2;131.636;87,71;8,33;0,24;0,42;0,03;1,50;1,77;3,18;96,82;;;
11340;24,0;8,4;11,4;13,3;14,8;12,9;8,6;6,5;187.126;80,06;16,04;0,26;0,75;0,02;1,34;1,53;2,91;97,09;;;
11460;20,9;16,9;14,3;12,7;13,7;11,4;5,6;4,5;344.791;74,50;12,69;0,34;7,86;0,04;1,21;3,36;4,02;95,98;;;
11500;22,9;10,9;12,5;12,3;14,3;12,7;8,0;6,4;118.572;74,92;20,56;0,46;0,71;0,08;1,60;1,67;3,28;96,72;;;
11540;25,6;8,2;13,2;14,0;16,0;11,3;6,1;5,6;225.666;91,92;0,88;1,41;2,77;0,04;1,52;1,46;3,57;96,43;;;
11700;20,3;7,8;12,0;12,9;14,4;14,1;9,8;8,6;424.858;89,33;4,54;0,41;0,88;0,12;2,86;1,86;6,38;93,62;;;
12020;20,9;21,4;14,3;11,7;11,8;9,9;5,8;4,3;192.541;71,43;19,50;0,21;3,19;0,05;3,75;1,88;7,95;92,05;;;
12060;26,5;9,2;14,5;15,8;14,7;10,5;5,4;3,6;5.268.860;55,43;32,42;0,34;4,83;0,05;4,54;2,39;10,39;89,61;;;
12100;23,3;9,3;11,4;13,2;16,3;12,4;7,7;6,5;274.549;65,40;16,08;0,38;7,50;0,03;7,36;3,24;16,84;83,16;;;
12220;22,5;20,5;13,8;12,3;12,2;9,5;5,4;3,7;140.247;71,31;22,75;0,32;2,61;0,07;1,34;1,61;3,26;96,74;;;
12260;24,8;10,1;13,2;12,6;14,7;12,3;7,2;5,3;556.877;58,43;35,32;0,35;1,74;0,13;1,75;2,29;4,44;95,56;;;
12420;25,3;11,7;16,9;15,1;13,3;9,6;4,7;3,4;1.716.289;72,85;7,42;0,78;4,80;0,08;10,86;3,20;31,36;68,64;;;
12540;30,3;11,2;14,5;12,9;12,9;9,2;5,2;3,8;839.631;59,52;5,83;1,51;4,15;0,15;24,33;4,51;49,19;50,81;;;
12580;23,0;9,9;13,4;13,4;15,6;12,2;6,8;5,9;2.710.489;62,15;28,74;0,31;4,53;0,05;1,72;2,50;4,57;95,43;;;
12620;19,7;13,2;11,5;12,3;15,7;13,2;7,6;6,9;153.923;95,37;0,75;1,18;0,92;0,03;0,22;1,53;1,05;98,95;;;
12700;17,3;6,5;8,2;10,6;15,9;16,5;12,4;12,6;215.888;92,73;1,88;0,61;1,06;0,04;1,50;2,18;2,17;97,83;;;
12940;24,7;11,7;14,6;12,8;14,1;11,4;6,2;4,6;802.484;59,76;35,63;0,27;1,79;0,03;1,29;1,22;3,41;96,59;;;
12980;24,2;9,3;11,5;12,4;14,8;12,9;7,6;7,2;136.146;82,20;10,92;0,61;1,60;0,04;1,55;3,08;4,54;95,46;;;
13020;22,2;8,5;11,4;12,2;15,6;13,9;8,5;7,7;107.771;94,14;1,58;0,52;0,54;0,01;0,98;2,23;4,73;95,27;;;
13140;24,4;9,9;13,4;12,6;14,9;11,7;6,9;6,2;388.745;64,71;24,56;0,52;2,50;0,03;5,85;1,83;12,87;87,13;;;
13380;21,0;14,2;13,0;11,9;13,6;13,0;7,3;6,0;201.140;85,42;0,96;2,83;3,52;0,24;3,27;3,76;7,83;92,17;;;
13460;23,0;7,4;12,6;13,5;14,5;14,2;8,7;6,2;157.733;92,16;0,36;0,92;0,94;0,13;2,96;2,53;7,43;92,57;;;
13740;23,4;8,7;13,3;12,0;15,2;13,0;7,5;6,9;158.050;91,12;0,61;3,77;0,61;0,07;1,14;2,67;4,52;95,48;;;
13780;20,9;11,8;11,2;11,3;15,8;12,7;8,0;8,3;251.725;89,78;3,97;0,19;2,95;0,04;0,82;2,25;2,97;97,03;;;
13820;23,9;9,1;13,8;13,4;14,6;12,3;7,1;5,9;1.128.047;66,77;28,22;0,30;1,23;0,04;2,26;1,18;4,30;95,70;;;
13900;22,9;9,7;14,1;12,1;15,0;12,5;6,8;6,9;108.779;93,18;0,55;4,04;0,41;0,05;0,30;1,47;1,27;98,73;;;
13980;17,1;25,1;11,8;11,3;11,6;10,8;6,9;5,4;162.958;89,53;4,30;0,20;3,44;0,03;0,64;1,87;2,19;97,81;;;
14020;18,4;22,8;13,4;10,8;12,2;10,6;6,3;5,4;192.714;90,70;2,39;0,27;3,83;0,03;0,76;2,02;2,36;97,64;;;
14060;22,7;17,3;13,8;12,4;13,3;10,3;5,3;4,9;169.572;84,29;7,33;0,23;4,26;0,03;1,54;2,32;4,38;95,62;;;
14260;27,9;9,1;14,2;13,7;13,4;10,8;6,1;4,8;616.561;87,94;0,90;0,86;1,80;0,21;5,43;2,86;12,58;87,42;;;
14460;21,6;10,4;13,6;13,8;15,5;12,0;6,7;6,4;4.552.402;78,81;7,28;0,25;6,47;0,03;4,57;2,60;9,02;90,98;;;
14500;21,3;14,2;13,4;13,9;15,1;12,0;5,7;4,3;294.567;87,21;0,86;0,62;4,12;0,06;4,46;2,68;13,33;86,67;;;
14540;22,7;15,5;13,7;12,4;13,3;11,0;6,5;5,0;125.953;84,92;8,32;0,28;2,55;0,10;1,86;1,98;4,19;95,81;;;
14740;22,5;10,1;12,5;12,2;15,4;14,1;7,6;5,6;251.133;82,57;2,65;1,61;4,94;0,92;1,56;5,75;6,25;93,75;;;
14860;24,8;7,9;11,6;14,3;16,3;11,7;6,8;6,7;916.829;74,81;10,83;0,26;4,61;0,05;6,81;2,62;16,91;83,09;;;
15180;33,0;9,8;12,8;12,7;11,3;9,3;6,1;5,0;406.220;87,00;0,53;0,42;0,66;0,03;9,82;1,54;88,07;11,93;;;
15260;24,2;8,4;11,5;12,7;14,8;13,5;8,8;6,1;112.370;71,21;23,51;0,31;0,89;0,10;2,32;1,67;5,07;94,93;;;
15380;21,6;10,3;11,6;12,3;15,6;12,8;7,7;8,1;1.135.509;81,63;12,22;0,72;2,26;0,02;1,28;1,87;4,09;95,91;;;
15500;23,5;10,6;11,4;13,7;14,5;11,9;7,6;7,0;151.131;71,08;18,77;0,67;1,22;0,04;6,15;2,08;11,01;88,99;;;
15540;21,1;13,3;12,8;13,1;15,9;12,3;6,3;5,3;211.261;93,27;1,68;0,46;2,20;0,03;0,35;2,00;1,66;98,34;;;
15940;22,9;8,6;11,0;12,3;15,4;13,6;8,3;7,9;404.422;89,36;7,09;0,26;0,70;0,02;0,44;2,14;1,53;98,47;;;
15980;19,5;7,7;10,6;11,4;13,2;14,1;13,1;10,4;618.754;82,99;8,25;0,35;1,37;0,06;4,90;2,08;18,31;81,69;;;
16020;22,2;12,7;12,2;11,7;14,1;12,2;7,7;7,1;96.275;87,52;8,60;0,30;0,98;0,03;0,87;1,70;1,80;98,20;;;
16180;21,4;8,5;12,0;12,6;15,2;13,8;8,7;7,8;55.274;81,06;1,91;2,36;2,14;0,18;9,42;2,93;21,31;78,69;;;
16220;23,9;9,6;14,2;12,1;15,0;12,7;6,4;6,1;75.450;92,80;0,88;1,04;0,68;0,05;2,16;2,40;6,93;93,07;;;
16300;24,5;9,2;13,3;13,0;14,7;11,7;7,0;6,6;257.940;92,02;3,43;0,26;1,54;0,07;0,63;2,05;2,36;97,64;;;
16580;20,0;21,5;14,4;10,8;12,2;10,1;5,6;5,4;231.891;76,62;10,82;0,26;7,79;0,06;1,93;2,52;4,77;95,23;;;
16620;21,6;7,5;12,1;12,9;15,4;14,6;8,7;7,3;304.284;92,27;4,85;0,20;0,81;0,02;0,24;1,61;0,83;99,17;;;
16700;23,3;11,1;15,1;13,1;14,1;11,8;6,8;4,7;664.607;65,57;27,69;0,46;1,63;0,09;2,47;2,09;5,37;94,63;;;
16740;25,9;8,9;14,5;15,7;14,4;10,5;5,8;4,3;1.758.038;65,13;23,95;0,49;3,15;0,06;4,98;2,24;9,83;90,17;;;
16820;20,4;14,0;13,6;12,1;14,0;12,2;7,5;6,2;201.559;78,96;12,46;0,25;3,90;0,04;1,96;2,43;4,78;95,22;;;
16860;22,3;9,5;12,5;13,1;14,7;13,1;8,1;6,6;528.143;81,13;13,88;0,34;1,37;0,07;1,58;1,62;3,54;96,46;;;
16940;24,4;9,7;13,5;12,4;14,8;12,7;7,0;5,5;91.738;88,52;2,45;0,96;1,06;0,15;3,79;3,06;13,06;86,94;;;
16980;25,1;9,4;14,4;14,0;14,6;11,1;6,1;5,3;9.461.105;65,36;17,40;0,39;5,63;0,03;8,76;2,43;20,69;79,31;;;
17020;21,0;14,7;12,1;10,6;13,1;13,1;7,8;7,6;220.000;81,86;1,55;2,00;4,12;0,21;5,52;4,75;14,14;85,86;;;
17140;24,9;9,5;12,9;13,3;15,3;11,9;6,6;5,7;2.130.151;82,93;12,01;0,19;1,90;0,07;1,06;1,85;2,59;97,41;;;
17300;27,6;12,3;16,2;12,8;12,2;9,2;5,6;4,0;273.949;73,23;18,27;0,56;1,64;0,36;2,11;3,83;6,83;93,17;;;
17420;22,9;10,1;12,0;13,6;14,5;12,4;8,6;5,9;115.788;91,36;3,69;0,34;0,74;0,05;2,11;1,71;4,23;95,77;;;
17460;23,2;8,4;11,7;12,8;15,7;13,1;7,6;7,6;2.077.240;74,06;20,05;0,20;1,95;0,02;1,70;2,03;4,72;95,28;;;
17660;24,7;8,7;12,1;12,5;14,3;13,2;8,3;6,2;138.494;94,48;0,30;1,29;0,69;0,09;0,75;2,40;3,80;96,20;;;
17780;21,0;27,4;14,6;10,1;10,2;8,0;4,7;3,9;228.660;73,23;11,85;0,47;4,47;0,05;7,65;2,28;22,55;77,45;;;
17820;25,9;10,7;13,8;13,1;15,1;11,2;5,8;4,3;645.613;80,28;5,98;0,95;2,67;0,34;4,77;5,01;14,71;85,29;;;
17860;21,1;20,5;14,9;11,4;12,4;10,1;5,2;4,5;172.786;83,30;9,05;0,39;3,57;0,06;0,87;2,76;2,90;97,10;;;
17900;23,5;11,9;13,8;13,2;14,3;11,8;6,6;4,9;767.598;60,39;33,23;0,36;1,66;0,09;2,33;1,95;5,10;94,90;;;
17980;25,4;11,2;14,2;12,5;13,8;11,2;6,5;5,3;294.865;52,47;40,37;0,40;1,69;0,22;2,15;2,71;5,73;94,27;;;
18020;25,2;7,9;12,7;13,6;14,3;12,2;7,8;6,2;76.794;89,62;1,85;0,27;3,43;0,06;3,19;1,58;6,20;93,80;;;
18140;24,8;10,4;14,7;14,1;14,5;11,0;5,9;4,7;1.836.536;77,52;14,90;0,23;3,12;0,05;1,66;2,53;3,62;96,38;;;
18580;25,9;9,9;13,0;12,1;14,3;12,0;7,0;5,8;428.185;82,51;3,51;0,63;1,57;0,08;9,29;2,42;57,74;42,26;;;
18700;17,8;23,0;12,2;10,0;12,5;12,4;6,3;5,7;85.579;87,06;0,89;0,73;5,18;0,25;2,32;3,58;6,39;93,61;;;
18880;22,3;10,2;13,8;12,0;15,9;11,8;7,8;6,2;180.822;81,06;9,29;0,59;2,95;0,20;1,99;3,93;6,80;93,20;;;
19060;18,8;11,9;11,6;12,6;14,3;13,2;9,4;8,3;103.299;90,87;6,59;0,14;0,66;0,03;0,22;1,49;1,25;98,75;;;
19100;27,8;9,4;14,9;15,0;14,2;9,8;5,1;3,7;6.371.773;65,31;15,10;0,68;5,36;0,10;10,64;2,82;27,50;72,50;;;
19140;28,1;9,4;13,0;14,3;13,7;10,5;6,6;4,4;142.227;80,11;2,88;0,57;1,02;0,07;13,05;2,30;26,45;73,55;;;
19180;24,4;8,1;11,9;11,8;14,5;13,0;8,5;7,8;81.625;82,48;12,95;0,23;0,69;0,02;1,46;2,17;4,22;95,78;;;
19260;21,3;8,1;10,3;12,1;15,7;14,5;9,6;8,3;106.561;64,23;32,67;0,21;0,55;0,03;1,12;1,19;2,42;97,58;;;
19340;23,6;8,7;12,6;12,2;14,8;13,1;7,8;7,2;379.690;86,03;6,81;0,26;1,58;0,03;2,59;2,69;7,64;92,36;;;
19380;23,0;10,1;12,1;12,2;14,8;12,8;7,8;7,1;841.502;79,96;14,95;0,23;1,83;0,03;0,70;2,29;2,05;97,95;;;
19460;23,8;8,4;12,3;13,5;15,3;12,6;8,3;6,0;153.829;79,34;11,78;1,95;0,48;0,07;3,88;2,50;6,33;93,67;;;
19500;22,8;9,3;11,7;11,6;14,7;13,5;8,2;8,2;110.768;79,31;16,27;0,20;1,01;0,03;0,68;2,49;1,87;98,13;;;
19660;18,9;9,0;10,3;11,4;15,0;14,3;10,9;10,2;494.593;82,54;10,47;0,36;1,53;0,04;2,93;2,12;11,16;88,84;;;
19740;24,9;8,6;15,3;14,8;14,8;11,4;5,7;4,4;2.543.482;77,96;5,63;0,99;3,70;0,12;8,03;3,58;22,45;77,55;;;
19780;26,0;8,7;15,1;14,0;14,1;11,0;5,9;5,2;569.633;87,22;4,75;0,29;3,02;0,05;2,52;2,14;6,67;93,33;;;
19820;24,3;8,6;11,8;13,8;15,7;12,6;6,9;6,3;4.296.250;70,09;22,82;0,35;3,29;0,02;1,23;2,20;3,91;96,09;;;
20020;23,9;8,1;12,1;12,9;14,6;13,0;8,7;6,7;145.639;72,81;23,11;0,50;0,65;0,04;1,28;1,61;2,96;97,04;;;
20100;24,9;11,0;12,3;12,7;14,3;11,3;7,8;5,7;162.310;67,77;23,97;0,64;2,04;0,06;1,99;3,53;5,76;94,24;;;
20220;23,8;10,6;11,9;11,7;14,6;12,2;7,6;7,7;93.653;94,06;2,65;0,19;0,94;0,31;0,55;1,30;1,93;98,07;;;
20260;20,5;11,5;11,8;11,3;15,3;14,0;7,8;7,7;279.771;92,61;1,33;2,66;0,83;0,03;0,21;2,34;1,21;98,79;;;
20500;22,1;12,6;15,3;13,6;13,7;11,6;6,2;5,0;504.357;59,28;27,07;0,50;4,39;0,05;6,33;2,39;11,28;88,72;;;
20740;22,1;13,5;13,0;11,8;14,2;12,2;6,8;6,5;161.151;93,98;1,15;0,48;2,53;0,03;0,43;1,39;1,62;98,38;;;
20940;29,3;10,9;13,9;13,1;12,9;9,5;5,6;4,8;174.528;58,76;3,31;1,75;1,63;0,09;30,03;4,42;80,37;19,63;;;
21060;25,7;9,7;13,9;13,2;14,9;11,0;6,5;5,0;119.736;82,10;10,62;0,48;1,78;0,30;1,41;3,31;4,78;95,22;;;
21140;28,4;8,9;12,8;13,1;13,5;11,1;6,4;5,7;197.559;82,91;5,72;0,38;0,97;0,04;7,49;2,49;14,12;85,88;;;
21300;22,4;8,9;11,8;12,3;15,7;13,2;7,7;8,0;88.830;88,68;6,56;0,26;1,19;0,02;0,62;2,67;2,52;97,48;;;
21340;30,1;11,2;13,3;13,1;12,7;9,3;5,5;4,7;800.647;82,06;3,11;0,75;1,03;0,12;10,47;2,46;82,20;17,80;;;
21500;22,7;11,6;11,7;12,1;14,7;12,6;7,3;7,3;280.566;88,24;7,18;0,20;1,10;0,03;1,15;2,10;3,39;96,61;;;
21660;19,8;12,6;13,1;11,6;13,7;14,2;8,1;6,9;351.715;88,33;0,96;1,16;2,37;0,22;2,80;4,17;7,44;92,56;;;
21780;23,3;9,7;12,3;12,3;15,3;12,8;7,5;6,8;358.676;89,89;6,17;0,21;0,95;0,05;0,85;1,87;1,94;98,06;;;
21820;25,6;13,4;16,6;12,8;13,9;11,1;4,3;2,3;97.581;77,04;4,53;7,05;2,66;0,41;1,48;6,84;5,79;94,21;;;
22020;22,2;16,6;16,0;11,9;12,7;10,2;5,1;5,3;208.777;91,96;2,05;1,26;2,10;0,03;0,64;1,97;2,43;97,57;;;
22140;29,0;9,8;13,8;11,7;14,0;11,0;6,1;4,7;130.044;51,56;0,58;36,63;0,37;0,06;7,31;3,49;19,05;80,95;;;
22180;27,2;12,2;16,1;12,8;13,0;9,6;5,4;3,8;366.383;50,59;36,26;2,63;2,07;0,37;3,46;4,63;9,83;90,17;;;
22220;26,7;11,2;14,9;13,3;12,7;9,9;6,3;5,0;463.204;81,91;1,94;1,51;2,38;1,09;8,45;2,73;14,92;85,08;;;
22380;23,6;17,7;13,5;11,5;13,4;11,4;5,5;3,3;134.421;61,72;1,21;27,31;1,37;0,12;5,20;3,06;13,51;86,49;;;
22420;25,0;8,9;11,8;12,9;15,3;12,4;7,3;6,4;425.790;74,54;20,70;0,53;0,91;0,02;0,71;2,59;3,05;96,95;;;
22500;24,5;9,4;12,0;12,9;14,4;13,3;7,9;5,6;205.566;55,20;41,39;0,32;0,91;0,02;1,05;1,11;2,03;97,97;;;
22520;21,8;9,9;11,1;12,5;14,6;13,1;9,4;7,6;147.137;84,21;12,25;0,41;0,62;0,04;1,01;1,46;2,16;97,84;;;
22540;22,7;9,1;12,1;12,7;15,6;12,9;7,4;7,6;101.633;94,14;1,28;0,46;1,13;0,02;1,67;1,29;4,30;95,70;;;
22660;21,4;13,9;14,1;12,2;14,2;12,3;6,6;5,2;299.630;90,53;0,83;0,74;1,94;0,07;3,25;2,64;10,56;89,44;;;
22900;25,5;9,0;12,2;12,8;14,4;12,1;8,0;6,0;298.592;78,63;3,56;6,34;2,22;0,07;4,63;4,54;8,19;91,81;;;
23060;26,7;9,2;12,9;12,8;14,4;11,8;6,4;5,9;416.257;81,93;10,04;0,34;2,39;0,05;2,59;2,66;5,81;94,19;;;
23420;29,8;11,7;14,3;12,3;12,4;9,5;5,3;4,7;930.450;55,37;5,32;1,68;9,60;0,15;23,33;4,54;50,31;49,69;;;
23460;23,0;8,5;11,5;13,4;14,3;13,5;8,7;7,1;104.430;80,27;15,13;0,43;0,64;0,16;1,89;1,48;3,30;96,70;;;
23540;18,1;22,5;14,6;10,4;12,1;11,1;6,1;5,0;264.275;70,97;19,37;0,32;5,03;0,06;1,68;2,57;8,17;91,83;;;
23580;27,9;9,3;13,4;14,3;13,5;10,5;6,4;4,7;179.684;74,13;7,39;0,45;1,80;0,09;13,94;2,20;26,10;73,90;;;
24020;20,8;8,1;11,1;13,1;16,4;14,2;8,7;7,6;128.923;95,57;1,93;0,21;0,56;0,02;0,50;1,22;2,04;97,96;;;
24140;24,9;10,0;13,2;12,6;14,5;11,8;7,4;5,7;122.623;58,83;31,40;0,39;1,17;0,05;5,86;2,30;9,92;90,08;;;
24220;21,3;17,9;13,5;10,5;13,3;11,1;6,1;6,3;98.461;91,26;1,66;2,14;1,53;0,04;1,07;2,30;3,73;96,27;;;
24300;23,5;9,9;13,1;11,4;14,3;12,9;7,8;7,1;146.723;89,41;0,64;1,06;0,76;0,11;5,37;2,65;13,33;86,67;;;
24340;25,9;10,1;13,4;12,8;14,8;11,3;6,1;5,5;774.160;83,07;8,06;0,52;1,90;0,04;3,76;2,66;8,43;91,57;;;
24500;22,9;10,1;12,8;11,1;14,7;12,7;8,2;7,4;81.327;89,25;1,24;4,29;0,84;0,11;0,65;3,62;3,33;96,67;;;
24540;27,8;11,0;13,8;13,7;13,5;10,6;5,6;4,0;252.825;82,90;0,98;1,11;1,20;0,09;10,79;2,94;28,35;71,65;;;
24580;24,5;9,2;13,1;13,2;15,6;11,9;6,6;5,9;306.241;88,42;1,84;2,37;2,25;0,04;3,13;1,95;6,19;93,81;;;
24660;23,5;10,4;12,5;13,9;14,6;12,0;7,2;6,0;723.801;65,01;25,52;0,54;2,91;0,05;3,85;2,13;7,55;92,45;;;
24780;22,6;17,3;14,4;12,4;12,8;10,5;5,7;4,5;189.510;58,00;34,42;0,39;1,42;0,05;3,77;1,95;6,47;93,53;;;
24860;23,4;11,2;12,8;13,4;14,3;11,9;7,4;5,7;636.986;76,25;16,69;0,28;1,72;0,05;3,28;1,74;6,75;93,25;;;
25060;24,4;10,4;13,6;12,6;14,8;11,8;7,3;5,1;248.820;73,62;19,26;0,47;2,33;0,12;1,74;2,45;4,67;95,33;;;
25180;23,6;8,0;12,8;14,3;15,4;12,5;7,4;6,0;269.140;86,95;8,05;0,24;1,11;0,04;1,10;2,52;3,44;96,56;;;
25260;27,8;11,6;16,7;14,3;13,3;8,4;4,5;3,4;152.982;54,27;7,20;1,67;3,67;0,18;28,11;4,90;50,90;49,10;;;
25420;22,1;9,4;12,4;13,0;15,4;13,2;7,5;7,0;549.475;82,56;10,23;0,18;2,88;0,03;1,76;2,36;4,70;95,30;;;
25500;20,3;21,6;11,6;11,1;12,5;10,2;6,5;6,2;125.228;87,48;3,50;0,27;1,74;0,06;4,89;2,06;9,38;90,62;;;
25540;22,3;9,6;11,7;13,3;16,1;12,6;7,2;7,1;1.212.381;76,89;10,88;0,24;3,90;0,03;5,57;2,48;12,47;87,53;;;
25620;24,8;13,4;15,0;12,4;12,8;10,2;6,5;5,0;142.842;68,13;28,29;0,24;0,82;0,05;1,24;1,23;2,77;97,23;;;
25860;23,0;8,2;11,2;14,1;15,2;13,2;8,6;6,4;365.497;85,12;6,89;0,32;2,55;0,11;3,30;1,71;6,31;93,69;;;
25980;30,3;13,3;16,4;12,5;12,6;8,5;4,2;2,2;77.917;49,93;39,08;0,58;1,75;0,57;3,66;4,43;10,19;89,81;;;
26100;26,1;12,8;11,7;12,6;14,2;10,9;6,3;5,5;263.801;90,08;1,47;0,43;2,55;0,03;3,41;2,02;8,63;91,37;;;
26180;22,1;10,3;14,1;13,1;13,8;12,0;7,2;7,3;953.207;20,85;2,02;0,26;43,89;9,53;1,10;22,35;8,12;91,88;;;
26300;20,9;7,6;10,8;11,4;14,0;14,3;11,3;9,6;96.024;86,40;7,93;0,61;0,72;0,05;1,98;2,31;4,81;95,19;;;
26380;25,4;10,3;13,6;12,9;14,9;11,1;6,7;5,1;208.178;74,47;16,28;4,35;0,89;0,04;2,00;1,97;3,88;96,12;;;
26420;28,0;9,6;15,1;14,5;14,0;10,3;5,1;3,5;5.946.800;60,22;17,25;0,64;6,54;0,06;12,27;3,02;35,30;64,70;;;
26580;21,5;9,2;12,4;13,0;14,4;13,4;8,9;7,3;287.702;94,81;2,71;0,23;0,58;0,02;0,24;1,43;0,94;99,06;;;
26620;23,8;9,9;13,2;13,5;16,0;11,4;7,0;5,2;417.593;70,59;21,74;0,74;2,20;0,10;2,30;2,33;4,79;95,21;;;
26820;32,3;8,4;14,5;11,5;12,6;10,1;5,8;4,8;130.374;90,70;0,49;0,76;0,74;0,08;5,25;1,97;11,16;88,84;;;
26900;26,2;8,9;14,2;14,1;14,8;10,9;6,0;4,9;1.756.241;77,02;15,00;0,27;2,25;0,04;3,23;2,18;6,16;93,84;;;
26980;20,6;19,4;16,3;11,5;12,0;10,4;5,2;4,7;152.586;87,08;4,23;0,22;4,52;0,04;1,75;2,15;4,81;95,19;;;
27060;16,4;26,2;13,5;10,2;11,8;11,1;5,6;5,1;101.564;82,65;3,96;0,35;8,60;0,04;1,16;3,24;4,20;95,80;;;
27100;23,2;9,3;11,6;13,2;15,6;12,9;7,4;6,7;160.248;87,68;7,95;0,37;0,71;0,02;0,76;2,51;3,02;96,98;;;
27140;26,1;10,0;14,0;13,0;14,2;11,4;6,3;5,0;539.057;49,06;47,68;0,17;1,05;0,04;1,10;0,91;2,11;97,89;;;
27180;23,9;11,7;12,3;12,3;14,3;12,0;7,3;6,1;115.425;63,46;32,23;0,22;0,85;0,03;1,72;1,49;3,16;96,84;;;
27260;23,8;9,6;13,4;13,6;15,2;12,2;6,9;5,2;1.345.596;69,89;21,77;0,39;3,43;0,09;1,82;2,62;6,90;93,10;;;
27340;25,3;23,0;16,3;10,5;10,2;7,3;4,5;3,0;177.772;74,02;15,57;0,70;1,89;0,27;3,19;4,36;10,07;89,93;;;
27500;25,1;8,6;12,6;13,3;15,0;11,8;7,2;6,4;160.331;87,64;4,98;0,32;1,02;0,02;3,71;2,31;7,56;92,44;;;
27620;23,6;9,7;13,1;13,3;15,3;12,4;6,8;5,9;149.807;88,82;7,44;0,36;0,86;0,05;0,78;1,68;2,12;97,88;;;
27740;20,2;10,5;11,9;13,2;14,6;13,4;9,2;7,0;198.716;93,35;2,82;0,27;0,84;0,02;1,17;1,51;2,63;97,37;;;
27780;19,7;9,3;10,5;12,0;15,3;14,4;8,8;10,0;143.679;94,10;3,63;0,10;0,51;0,02;0,41;1,22;1,40;98,60;;;
27860;24,9;12,1;13,8;12,5;12,9;11,0;7,2;5,7;121.026;82,97;11,91;0,33;0,93;0,03;2,16;1,67;3,98;96,02;;;
27900;25,7;9,9;12,9;12,3;13,8;11,5;7,6;6,4;175.518;88,60;1,54;1,78;1,10;0,46;3,38;3,15;6,02;93,98;;;
28020;23,4;13,3;12,8;12,0;14,0;11,9;6,7;5,9;326.589;82,91;9,30;0,53;1,69;0,03;2,39;3,15;5,42;94,58;;;
28100;25,3;10,2;12,5;12,5;14,3;11,8;7,0;6,4;113.449;77,56;15,15;0,25;0,93;0,03;3,97;2,12;8,96;91,04;;;
28140;25,6;8,3;14,0;13,5;14,9;11,6;6,4;5,6;2.035.334;78,45;12,50;0,51;2,27;0,16;3,34;2,76;8,19;91,81;;;
28420;29,4;9,4;14,1;12,6;13,2;11,0;5,8;4,5;253.340;75,66;1,46;0,83;2,42;0,14;16,06;3,43;28,70;71,30;;;
28660;28,1;12,3;16,9;12,9;12,2;8,7;5,0;3,8;405.300;64,24;19,56;0,82;2,56;0,77;7,14;4,91;20,34;79,66;;;
28700;20,6;7,6;10,7;13,4;15,2;14,3;10,3;7,9;309.544;95,69;1,91;0,24;0,49;0,02;0,52;1,13;1,35;98,65;;;
28740;20,2;10,0;10,9;13,2;16,8;14,0;7,9;6,9;182.493;86,68;6,02;0,33;1,70;0,02;2,49;2,77;8,72;91,28;;;
28940;21,9;10,1;12,6;13,2;14,6;12,9;8,2;6,5;698.030;88,52;6,42;0,30;1,44;0,07;1,47;1,78;3,42;96,58;;;
29020;23,6;7,8;11,2;12,5;15,2;13,4;8,9;7,5;98.688;90,02;5,78;0,31;0,82;0,03;0,82;2,23;2,58;97,42;;;
29100;21,6;14,3;12,5;11,4;14,2;12,1;6,8;7,1;133.665;92,85;1,28;0,39;3,61;0,02;0,29;1,55;1,40;98,60;;;
29140;21,3;22,1;13,9;11,0;11,6;9,8;5,6;4,8;201.789;85,82;3,47;0,25;5,34;0,03;3,08;2,02;6,98;93,02;;;
29180;24,9;11,8;14,9;12,6;14,4;10,9;5,9;4,6;273.738;68,69;26,71;0,35;1,36;0,03;1,28;1,58;3,53;96,47;;;
29340;25,4;10,1;13,4;12,0;14,6;11,8;7,0;5,6;199.607;71,67;24,00;0,47;1,04;0,05;0,89;1,88;2,55;97,45;;;
29420;20,6;6,8;9,1;10,0;14,3;15,7;14,1;9,2;200.186;86,86;0,94;2,25;1,05;0,17;5,99;2,74;14,77;85,23;;;
29460;23,5;8,8;11,8;12,2;13,3;12,3;10,1;7,9;602.095;75,21;14,75;0,45;1,62;0,06;5,46;2,45;17,69;82,31;;;
29540;24,8;9,7;11,7;12,2;14,5;11,9;7,4;7,6;519.445;88,59;3,66;0,23;1,90;0,03;3,62;1,96;8,65;91,35;;;
29620;22,0;15,7;12,9;11,7;13,9;12,0;6,4;5,3;464.036;81,57;8,92;0,51;3,78;0,03;1,88;3,31;6,16;93,84;;;
29700;35,2;10,9;14,0;13,7;10,9;7,4;4,4;3,4;250.304;87,97;0,45;0,40;0,58;0,01;9,10;1,47;95,74;4,26;;;
29740;26,7;13,1;13,2;11,2;12,7;10,7;7,0;5,4;209.233;74,07;1,75;1,50;1,06;0,09;18,49;3,03;65,72;34,28;;;
29820;25,0;9,2;15,1;14,8;13,6;11,0;6,9;4,4;1.951.269;60,89;10,47;0,74;8,65;0,70;13,45;5,09;29,14;70,86;;;
29940;19,1;24,6;15,8;10,8;11,2;9,6;4,7;4,2;110.826;84,52;3,93;2,66;3,74;0,06;1,34;3,75;5,10;94,90;;;
30020;25,1;13,6;16,5;12,3;13,0;9,3;5,7;4,5;124.098;64,46;17,46;5,86;2,24;0,55;2,96;6,47;11,20;88,80;;;
30140;23,0;8,3;11,1;12,7;14,8;13,0;8,5;8,5;133.568;91,01;2,16;0,19;1,15;0,03;3,87;1,60;9,29;90,71;;;
30300;21,7;9,3;11,6;11,2;14,3;13,4;9,5;9,0;60.888;91,61;0,34;4,12;0,65;0,12;0,70;2,46;2,88;97,12;;;
30340;22,6;9,3;12,0;13,4;15,8;12,8;7,3;6,8;107.702;92,79;3,65;0,38;0,72;0,03;0,42;2,00;1,55;98,45;;;
30460;22,7;12,0;15,1;13,6;14,1;11,3;6,2;4,9;472.099;81,41;10,82;0,24;2,28;0,04;2,98;2,22;5,88;94,12;;;
30620;23,9;10,7;11,7;11,7;14,6;12,6;7,5;7,3;106.331;83,78;11,89;0,19;0,70;0,01;0,79;2,63;2,36;97,64;;;
30700;23,1;14,6;15,1;12,0;13,0;11,0;5,7;5,4;302.157;87,68;3,30;0,73;3,32;0,05;2,25;2,67;5,61;94,39;;;
30780;24,5;9,8;14,4;13,2;14,1;11,7;6,9;5,3;699.757;71,55;22,16;0,47;1,47;0,05;2,40;1,89;4,80;95,20;;;
30860;32,0;16,3;16,4;10,2;9,5;7,4;4,4;3,8;125.442;89,65;0,58;0,59;1,70;0,35;5,25;1,87;9,61;90,39;;;
30980;24,8;9,6;13,1;12,2;14,3;11,9;7,5;6,6;214.369;71,79;17,37;0,60;0,80;0,04;7,24;2,17;14,11;85,89;;;
31020;24,1;8,2;11,4;12,3;14,7;13,8;8,6;6,8;102.410;88,93;0,63;1,53;1,46;0,23;3,49;3,73;7,79;92,21;;;
31100;24,5;10,7;14,7;14,6;14,1;10,4;5,9;5,1;12.828.837;52,75;7,07;0,71;14,69;0,28;20,08;4,42;44,44;55,56;;;
31140;24,0;8,6;13,4;13,5;15,3;12,4;7,0;5,8;1.283.566;80,77;13,72;0,25;1,57;0,06;1,61;2,03;3,93;96,07;;;
31180;24,4;16,7;14,5;11,0;12,4;9,8;5,9;5,2;284.890;77,33;7,43;0,73;2,02;0,07;9,97;2,45;32,33;67,67;;;
31340;21,2;12,6;10,7;12,0;14,8;13,0;8,6;7,1;252.634;78,24;17,52;0,36;1,33;0,03;0,77;1,76;2,07;97,93;;;
31420;25,1;9,8;12,3;12,6;14,8;12,5;7,2;5,7;232.293;52,56;43,45;0,24;1,28;0,06;1,08;1,33;2,44;97,56;;;
31460;28,4;10,5;13,6;12,7;12,8;10,5;6,5;4,9;150.865;62,61;3,73;2,74;1,86;0,11;24,78;4,18;53,69;46,31;;;
31540;22,0;12,0;15,5;13,3;14,5;11,8;5,7;5,1;568.593;86,39;4,60;0,36;4,13;0,04;2,22;2,27;5,40;94,60;;;
31700;23,5;8,6;12,3;14,4;17,1;12,4;6,4;5,5;400.721;90,38;2,07;0,24;3,23;0,03;2,07;1,98;5,30;94,70;;;
31740;23,8;23,8;16,9;9,8;9,7;7,8;4,2;4,1;127.081;80,38;8,72;0,74;3,34;0,33;2,21;4,28;7,73;92,27;;;
31860;20,4;20,3;13,8;10,3;12,5;10,8;5,8;6,1;96.740;93,10;2,49;0,29;1,74;0,02;0,82;1,54;2,91;97,09;;;
31900;22,5;8,4;11,9;12,6;15,0;13,3;8,5;7,8;124.475;87,46;9,41;0,19;0,65;0,03;0,35;1,91;1,39;98,61;;;
32580;34,7;10,7;14,0;13,2;10,3;7,8;5,1;4,2;774.769;87,98;0,59;0,33;0,97;0,01;8,79;1,32;90,63;9,37;;;
32780;21,8;8,6;11,5;11,4;14,2;14,9;9,3;8,4;203.206;88,66;0,68;1,17;1,16;0,29;4,53;3,50;10,70;89,30;;;
32820;26,6;9,7;13,7;13,6;14,4;11,4;6,0;4,6;1.316.100;47,92;45,67;0,26;1,86;0,05;2,84;1,40;4,97;95,03;;;
32900;31,5;11,9;13,7;12,5;12,1;8,9;5,2;4,2;255.793;58,01;3,88;1,36;7,36;0,23;24,50;4,66;54,92;45,08;;;
33100;21,7;9,0;12,8;14,2;14,9;11,5;8,0;8,0;5.564.635;70,34;21,01;0,29;2,26;0,04;3,54;2,52;41,56;58,44;;;
33140;22,8;8,4;12,9;13,2;15,3;13,3;7,7;6,5;111.467;84,14;10,77;0,27;0,52;0,02;2,00;2,28;5,47;94,53;;;
33260;27,4;10,0;14,4;11,9;14,4;10,8;5,6;5,4;136.872;76,93;6,64;0,74;1,25;0,04;12,00;2,39;37,70;62,30;;;
33340;24,6;9,7;13,5;12,9;15,0;11,8;6,2;6,3;1.555.908;73,72;16,78;0,55;2,96;0,03;3,66;2,30;9,48;90,52;;;
33460;25,0;9,1;14,6;13,9;15,5;11,3;5,7;4,9;3.279.833;81,00;7,42;0,69;5,73;0,04;2,35;2,77;5,37;94,63;;;
33540;20,0;15,0;15,9;11,6;13,5;12,7;6,4;5,0;109.299;92,70;0,41;2,63;1,13;0,10;0,44;2,60;2,62;97,38;;;
33660;25,1;10,0;13,0;12,4;14,5;12,1;7,3;5,7;412.992;60,21;34,62;0,89;1,83;0,05;0,94;1,46;2,41;97,59;;;
33700;28,6;10,5;13,6;13,0;13,5;10,1;5,8;4,9;514.453;65,57;2,86;1,15;5,07;0,66;19,28;5,40;41,92;58,08;;;
33740;25,8;11,0;13,3;12,1;13,5;11,4;7,0;5,9;176.441;61,53;35,36;0,25;0,84;0,04;0,89;1,09;2,10;97,90;;;
33780;24,1;8,4;10,9;13,3;16,6;13,3;7,3;6,1;152.021;94,38;2,13;0,31;0,55;0,02;0,84;1,77;3,07;96,93;;;
33860;24,6;10,4;13,6;13,5;14,4;11,4;6,8;5,2;374.536;52,55;42,54;0,30;1,56;0,07;1,65;1,33;3,16;96,84;;;
34060;16,8;21,7;14,6;11,5;12,4;11,4;6,4;5,2;129.709;92,68;2,97;0,16;2,30;0,04;0,32;1,51;1,48;98,52;;;
34100;22,8;8,7;11,2;13,6;14,5;13,2;9,7;6,3;136.608;91,29;2,70;0,31;0,51;0,06;3,54;1,58;6,49;93,51;;;
34580;23,7;8,2;12,1;11,8;14,1;13,9;8,8;7,4;116.901;83,36;0,66;2,15;1,78;0,19;8,66;3,20;16,86;83,14;;;
34620;20,0;19,2;10,9;11,0;12,7;11,4;7,8;6,8;117.671;89,12;6,92;0,26;0,97;0,05;0,57;2,10;1,77;98,23;;;
34740;24,8;9,0;12,4;12,4;15,2;12,6;7,1;6,4;172.188;79,96;14,45;0,82;0,55;0,02;1,37;2,84;4,80;95,20;;;
34820;20,1;9,7;12,6;12,4;13,8;14,3;10,5;6,6;269.291;79,87;13,44;0,47;1,05;0,11;3,11;1,95;6,20;93,80;;;
34900;23,1;8,8;12,3;13,1;14,6;13,1;7,7;7,4;136.484;71,46;1,95;0,78;6,76;0,27;14,70;4,09;32,25;67,75;;;
34940;19,5;6,9;10,1;11,1;12,7;13,4;14,4;12,1;321.520;83,85;6,56;0,35;1,09;0,04;6,20;1,92;25,87;74,13;;;
34980;24,4;9,8;14,7;14,4;14,7;11,2;6,1;4,6;1.589.934;76,86;15,24;0,33;2,28;0,05;3,19;2,05;6,63;93,37;;;
35300;22,4;9,9;12,5;13,2;15,4;12,2;7,0;7,3;862.477;74,75;12,74;0,29;3,51;0,04;6,03;2,64;15,04;84,96;;;
35380;23,4;9,9;14,2;12,8;15,1;12,5;6,7;5,4;1.167.764;58,21;34,00;0,44;2,72;0,04;2,64;1,93;7,87;92,13;;;
35620;22,8;9,4;14,2;14,1;14,8;11,5;6,8;6,3;18.897.109;59,15;17,79;0,49;9,94;0,05;9,34;3,24;22,90;77,10;;;
35660;23,4;8,5;11,0;12,2;15,3;13,3;8,5;7,8;156.813;78,31;15,33;0,53;1,56;0,08;1,80;2,39;4,50;95,50;;;
35840;17,9;6,4;9,1;10,7;13,6;14,7;13,9;13,7;702.281;86,35;6,56;0,28;1,45;0,05;3,53;1,78;11,10;88,90;;;
35980;21,7;9,8;11,9;13,2;16,3;12,8;7,4;6,8;274.055;82,18;5,85;0,91;4,15;0,07;3,18;3,66;8,47;91,53;;;
36100;19,4;7,2;9,6;10,8;13,4;13,9;14,2;11,5;331.298;80,98;12,32;0,40;1,33;0,04;2,87;2,06;10,91;89,09;;;
36140;18,9;8,0;9,4;10,6;15,8;15,7;11,3;10,2;97.265;89,83;4,69;0,21;0,86;0,04;2,47;1,91;6,22;93,78;;;
36220;29,0;11,2;14,4;12,0;13,3;10,0;5,6;4,6;137.130;76,32;4,48;0,99;0,79;0,09;14,86;2,48;52,75;47,25;;;
36260;32,5;9,9;15,6;12,2;11,8;8,9;4,9;4,1;547.184;88,14;1,25;0,61;1,53;0,45;5,24;2,78;11,82;88,18;;;
36420;25,0;10,8;14,7;12,6;13,9;11,3;6,5;5,2;1.252.987;71,89;10,42;4,09;2,81;0,09;5,54;5,16;11,34;88,66;;;
36500;23,0;9,1;13,5;13,1;14,7;13,6;7,2;5,7;252.264;82,40;2,68;1,39;5,17;0,78;2,24;5,35;7,05;92,95;;;
36540;26,3;9,5;14,7;13,1;14,2;11,1;5,9;5,2;865.350;82,52;7,86;0,60;2,08;0,07;4,29;2,58;8,96;91,04;;;
36740;23,4;11,0;13,9;14,0;14,4;11,0;6,9;5,5;2.134.411;69,98;16,16;0,41;3,98;0,10;6,14;3,24;25,25;74,75;;;
36780;21,6;11,9;13,1;12,8;15,3;11,8;6,7;6,7;166.994;92,49;1,78;0,62;2,29;0,03;1,31;1,48;3,46;96,54;;;
36980;24,4;8,4;12,2;12,7;15,0;12,6;7,9;6,9;114.752;92,17;4,14;0,15;0,62;0,05;1,17;1,68;2,37;97,63;;;
37100;25,7;9,9;12,8;13,5;15,0;11,4;6,2;5,5;823.318;68,72;1,84;0,98;6,73;0,20;17,04;4,49;40,27;59,73;;;
37340;19,8;7,9;10,1;11,4;16,7;13,7;10,6;9,8;543.376;82,99;10,08;0,39;2,09;0,09;1,71;2,64;8,09;91,91;;;
37380;19,9;6,3;9,4;11,2;13,2;15,5;14,2;10,3;95.696;82,25;11,37;0,28;2,14;0,06;1,61;2,28;8,62;91,38;;;
37460;22,0;9,5;13,1;12,8;15,7;12,4;8,1;6,4;168.852;82,16;10,77;0,68;1,99;0,10;1,21;3,10;4,80;95,20;;;
37620;21,4;8,0;11,1;12,6;15,6;14,1;9,5;7,5;162.056;96,56;1,07;0,21;0,51;0,03;0,19;1,43;0,80;99,20;;;
37700;25,7;8,8;12,8;13,4;15,0;11,9;7,6;4,9;162.246;74,58;19,64;0,39;1,89;0,05;1,71;1,74;4,21;95,79;;;
37860;22,4;11,4;12,6;12,2;15,2;12,3;7,9;6,0;448.991;75,26;17,04;0,88;2,44;0,14;1,16;3,09;4,58;95,42;;;
37900;24,0;8,9;12,8;12,4;14,3;12,7;7,6;7,3;379.186;85,66;9,14;0,26;1,88;0,03;1,03;2,00;2,77;97,23;;;
37980;23,3;10,1;12,9;13,2;15,3;11,9;6,8;6,5;5.965.343;68,20;20,82;0,27;4,96;0,04;3,39;2,33;7,85;92,15;;;
38060;26,4;9,7;14,3;13,7;13,1;10,5;6,9;5,4;4.192.887;72,95;4,95;2,37;3,31;0,22;12,71;3,48;29,47;70,53;;;
38220;23,3;10,7;12,8;12,5;14,8;12,6;7,4;6,0;100.258;49,24;47,80;0,27;0,64;0,01;0,90;1,14;1,81;98,19;;;
38300;20,2;9,1;11,6;12,3;15,8;13,8;8,3;9,0;2.356.285;87,82;8,35;0,12;1,75;0,02;0,35;1,58;1,27;98,73;;;
38340;19,5;9,4;9,8;11,7;16,1;14,9;9,0;9,5;131.219;92,50;2,72;0,19;1,23;0,02;1,19;2,14;3,45;96,55;;;
38540;27,7;11,9;15,0;11,0;12,0;11,1;6,1;5,1;90.656;88,54;0,71;3,09;1,23;0,22;3,58;2,64;8,73;91,27;;;
38860;21,1;8,4;11,4;13,6;16,7;14,0;7,8;7,0;514.098;94,42;1,58;0,32;1,58;0,03;0,42;1,65;1,55;98,45;;;
38900;23,7;8,7;15,1;14,6;14,3;12,3;6,2;5,1;2.226.009;81,03;2,86;0,94;5,70;0,46;4,93;4,08;10,86;89,14;;;
38940;20,7;7,3;10,0;11,8;14,5;13,2;11,5;11,0;424.107;77,11;14,35;0,46;1,39;0,06;4,36;2,27;15,06;84,94;;;
39100;25,0;10,3;10,9;13,7;16,2;11,8;6,5;5,6;670.301;78,50;10,06;0,39;2,88;0,03;5,22;2,91;14,69;85,31;;;
39140;19,1;7,1;8,8;9,7;14,1;17,2;13,7;10,4;211.033;89,33;0,60;1,68;0,85;0,10;4,90;2,54;13,61;86,39;;;
39300;21,6;10,8;12,0;13,4;15,5;12,4;7,1;7,3;1.600.852;83,81;4,87;0,51;2,54;0,05;5,14;3,07;10,22;89,78;;;
39340;35,3;15,6;17,0;10,9;8,4;6,2;3,6;2,9;526.810;89,52;0,54;0,60;1,34;0,74;4,57;2,69;10,66;89,34;;;
39380;24,5;9,4;11,9;11,9;14,1;13,0;7,9;7,4;159.063;79,36;2,03;1,92;0,79;0,10;12,12;3,68;41,37;58,63;;;
39460;14,3;5,4;7,0;8,8;13,3;17,1;18,1;16,0;159.978;90,05;5,68;0,26;1,20;0,04;1,10;1,67;5,76;94,24;;;
39540;24,8;8,1;12,2;13,2;16,3;12,3;6,9;6,3;195.408;79,70;11,14;0,40;1,09;0,03;5,14;2,51;11,54;88,46;;;
39580;26,2;9,3;14,6;16,2;14,6;10,2;5,3;3,7;1.130.490;67,48;20,19;0,51;4,41;0,04;4,98;2,39;10,13;89,87;;;
39660;24,7;9,7;13,7;11,5;14,7;12,5;7,0;6,2;126.382;85,26;1,08;8,19;0,96;0,08;0,80;3,63;3,81;96,19;;;
39740;23,9;10,0;11,2;13,1;15,2;12,1;7,2;7,3;411.442;83,16;4,90;0,31;1,31;0,03;7,80;2,49;16,37;83,63;;;
39820;22,4;9,0;11,3;11,0;15,0;14,4;9,3;7,6;177.223;86,74;0,87;2,79;2,48;0,15;2,54;4,42;8,40;91,60;;;
39900;23,5;10,6;13,3;13,1;14,6;12,7;7,3;4,9;425.417;77,05;2,32;1,71;5,14;0,60;9,42;3,77;22,08;77,92;;;
40060;23,3;9,8;13,1;13,7;15,4;12,4;6,7;5,4;1.258.251;61,97;29,84;0,44;3,12;0,06;2,30;2,27;5,03;94,97;;;
40140;28,8;10,9;13,4;13,4;13,5;9,7;5,8;4,6;4.224.851;58,90;7,63;1,10;6,13;0,33;21,02;4,90;47,25;52,75;;;
40220;21,5;8,3;11,2;13,0;15,5;14,2;8,7;7,6;308.707;82,16;12,83;0,24;1,62;0,03;1,30;1,82;3,15;96,85;;;
40340;25,4;7,6;14,4;12,7;15,4;11,4;6,9;6,1;186.011;88,11;3,77;0,24;4,30;0,04;1,57;1,97;4,08;95,92;;;
40380;22,6;10,8;11,6;12,6;15,6;12,7;7,2;6,9;1.054.323;81,06;11,63;0,29;2,55;0,03;2,12;2,32;6,14;93,86;;;
40420;25,5;8,4;12,2;13,4;14,9;12,1;7,2;6,2;349.431;78,52;10,64;0,33;2,15;0,03;5,55;2,79;12,35;87,65;;;
40580;24,2;8,4;11,5;12,9;15,3;13,6;7,9;6,2;152.392;49,51;44,68;0,54;0,56;0,02;3,28;1,40;5,33;94,67;;;
40660;24,3;10,3;12,1;13,0;13,9;12,0;7,7;6,5;96.317;76,89;14,16;0,36;1,30;0,12;5,31;1,87;9,33;90,67;;;
40900;24,9;10,3;13,6;13,2;14,5;11,5;6,4;5,6;2.149.127;64,67;7,37;1,01;11,91;0,74;8,39;5,92;20,18;79,82;;;
40980;23,4;10,6;11,0;12,0;14,7;13,0;8,0;7,3;200.169;74,57;19,04;0,44;1,05;0,03;2,38;2,49;7,78;92,22;;;
41060;23,5;14,6;13,7;11,8;13,9;10,6;6,0;6,0;189.093;92,34;2,86;0,33;1,80;0,03;1,07;1,56;2,55;97,45;;;
41100;30,2;9,7;13,0;10,0;9,7;10,1;9,3;8,0;138.115;89,72;0,57;1,35;0,71;0,78;4,57;2,29;9,76;90,24;;;
41140;22,9;10,3;13,1;12,5;14,9;11,8;7,4;7,0;127.329;90,23;5,05;0,46;0,66;0,16;1,35;2,09;4,20;95,80;;;
41180;23,8;9,2;13,1;12,9;15,5;12,1;7,0;6,4;2.812.896;76,54;18,36;0,24;2,14;0,04;0,86;1,82;2,56;97,44;;;
41420;26,0;10,2;13,3;12,3;13,0;12,0;7,0;6,3;390.738;79,71;0,97;1,68;1,90;0,65;11,22;3,86;21,93;78,07;;;
41500;26,7;11,1;15,0;13,2;12,8;10,4;5,5;5,2;415.057;55,59;3,08;1,32;6,09;0,50;28,29;5,15;55,41;44,59;;;
41540;21,2;15,6;12,2;11,7;14,2;11,8;7,1;6,1;125.203;65,46;28,01;0,26;2,12;0,04;1,79;2,33;4,27;95,73;;;
41620;29,4;10,4;16,9;13,2;12,1;9,3;4,8;3,8;1.124.197;81,99;1,51;0,88;3,10;1,43;8,03;3,07;16,62;83,38;;;
41660;23,5;13,8;13,3;11,0;13,1;11,4;7,2;6,7;111.823;81,86;3,98;0,79;1,00;0,09;9,45;2,83;35,52;64,48;;;
41700;26,9;10,4;13,9;13,4;13,7;10,7;6,1;4,9;2.142.508;75,49;6,60;0,81;2,12;0,13;11,59;3,27;54,06;45,94;;;
41740;23,4;11,9;15,2;13,6;13,9;10,6;5,8;5,5;3.095.313;64,01;5,11;0,85;10,86;0,50;13,55;5,12;32,03;67,97;;;
41780;22,2;7,4;10,3;12,0;15,9;14,8;9,1;8,2;77.079;87,01;8,62;0,30;0,60;0,01;0,68;2,78;3,38;96,62;;;
41860;21,2;8,9;15,0;15,1;15,0;12,2;6,7;5,9;4.335.391;51,66;8,39;0,57;23,20;0,73;9,91;5,53;21,65;78,35;;;
41940;24,3;8,9;15,1;15,6;14,8;10,4;6,0;5,1;1.836.911;47,46;2,55;0,75;31,14;0,39;12,81;4,90;27,79;72,21;;;
42020;18,9;14,7;11,9;11,0;14,6;13,8;7,9;7,4;269.637;82,61;2,06;0,94;3,15;0,14;7,34;3,75;20,76;79,24;;;
42060;23,1;14,9;13,6;11,9;13,0;10,6;6,3;6,5;423.895;69,62;2,01;1,29;4,88;0,19;17,42;4,59;42,86;57,14;;;
42100;21,1;13,8;12,9;12,6;14,8;13,7;6,0;5,1;262.382;72,49;1,05;0,86;4,24;0,13;16,53;4,69;32,05;67,95;;;
42140;21,0;7,4;11,5;12,6;15,5;16,8;9,3;5,8;144.170;76,16;0,86;3,11;1,16;0,07;15,07;3,56;50,65;49,35;;;
42220;22,0;9,5;12,7;12,5;15,2;14,2;7,3;6,6;483.878;76,76;1,57;1,34;3,79;0,32;11,77;4,44;24,89;75,11;;;
42340;24,1;11,9;14,8;12,7;13,7;11,2;6,5;5,1;347.611;59,68;33,87;0,27;2,08;0,09;1,88;2,14;4,95;95,05;;;
42540;20,4;9,6;11,1;12,7;15,1;13,5;8,5;9,2;563.631;91,51;2,91;0,17;1,22;0,02;2,67;1,50;5,79;94,21;;;
42660;22,8;9,3;15,2;14,8;15,2;11,8;5,9;4,9;3.439.809;71,95;5,58;1,07;11,42;0,82;3,81;5,35;9,00;91,00;;;
42680;18,8;6,6;9,0;10,3;13,7;14,4;13,1;14,1;138.028;84,29;8,98;0,30;1,21;0,04;3,56;1,63;11,20;88,80;;;
43100;23,9;7,7;12,0;13,0;16,1;12,7;7,3;7,3;115.507;89,92;1,46;0,38;4,60;0,03;1,99;1,62;5,48;94,52;;;
43300;24,1;9,3;11,4;12,2;14,9;12,6;8,5;7,0;120.877;83,86;5,86;1,52;0,87;0,03;5,18;2,68;11,32;88,68;;;
43340;24,9;9,8;14,0;12,1;14,0;11,9;7,1;6,1;398.604;56,40;38,93;0,49;1,17;0,08;1,28;1,66;3,47;96,53;;;
43580;27,0;9,7;12,6;12,2;13,7;11,8;6,6;6,3;143.577;83,23;2,25;2,04;2,22;0,12;7,30;2,84;15,56;84,44;;;
43620;26,0;9,1;15,6;13,1;14,2;10,8;5,6;5,5;228.261;90,22;2,96;1,98;1,31;0,06;1,44;2,03;3,39;96,61;;;
43780;24,5;10,7;12,2;12,3;14,3;12,4;6,9;6,9;319.224;80,34;11,52;0,48;1,68;0,06;3,01;2,90;6,57;93,43;;;
43900;24,4;9,8;11,9;13,7;14,4;12,4;7,8;5,7;284.307;72,34;20,60;0,27;2,02;0,03;3,06;1,67;5,86;94,14;;;
44060;23,2;11,4;13,2;12,3;14,4;12,5;6,8;6,1;471.221;89,19;1,71;1,55;2,11;0,40;1,25;3,79;4,51;95,49;;;
44100;23,7;8,3;12,7;12,5;15,5;13,3;7,3;6,6;210.170;84,45;11,14;0,20;1,55;0,02;0,52;2,12;1,71;98,29;;;
44140;21,8;12,8;11,3;12,2;15,1;12,9;6,9;7,0;692.942;81,11;6,69;0,35;2,48;0,04;6,62;2,70;15,37;84,63;;;
44180;23,2;11,8;13,4;12,3;13,9;11,5;7,4;6,5;436.712;92,96;2,05;0,67;1,18;0,09;0,79;2,26;2,65;97,35;;;
44220;23,6;9,0;11,0;12,1;14,4;13,6;8,6;7,6;138.333;86,34;8,77;0,25;0,62;0,04;1,44;2,54;2,75;97,25;;;
44300;15,9;28,9;12,2;10,4;11,6;9,7;5,9;5,3;153.990;89,37;3,01;0,12;5,19;0,03;0,74;1,53;2,40;97,60;;;
44600;19,9;8,7;10,1;12,1;15,4;15,3;9,4;9,2;124.454;93,85;3,91;0,13;0,38;0,02;0,20;1,52;1,00;99,00;;;
44700;29,3;10,4;13,3;13,2;13,4;10,0;5,6;4,8;685.306;50,97;7,55;1,05;14,37;0,55;19,12;6,39;38,86;61,14;;;
44940;25,5;10,8;13,2;12,1;14,1;11,3;7,3;5,6;107.456;48,23;46,92;0,36;1,11;0,09;1,41;1,89;3,29;96,71;;;
45060;22,9;11,7;11,5;12,4;15,6;12,3;7,0;6,8;662.577;85,46;8,08;0,73;2,38;0,03;0,97;2,35;3,43;96,57;;;
45220;20,4;18,9;14,1;11,7;13,1;11,5;6,0;4,4;367.413;61,04;32,48;0,31;2,32;0,05;1,78;2,04;5,81;94,19;;;
45300;21,2;8,6;12,1;13,1;14,9;12,7;9,0;8,3;2.783.243;78,81;11,83;0,36;2,91;0,07;3,41;2,61;16,25;83,75;;;
45460;21,9;11,9;12,7;12,7;14,2;12,3;7,5;6,7;172.425;91,39;4,93;0,30;1,11;0,03;0,51;1,73;1,86;98,14;;;
45500;24,3;8,8;13,4;13,1;14,2;12,1;7,7;6,4;136.027;69,67;24,30;0,73;0,69;0,05;2,57;2,00;5,22;94,78;;;
45780;23,5;11,5;12,1;12,3;14,7;12,6;6,9;6,5;651.429;80,41;13,43;0,28;1,38;0,02;1,83;2,65;5,79;94,21;;;
45820;24,9;8,1;12,3;11,8;14,9;13,1;7,7;7,0;233.870;84,31;6,64;1,53;0,95;0,06;2,86;3,65;8,81;91,19;;;
45940;22,6;10,9;12,8;14,1;15,2;11,7;6,4;6,2;366.513;61,39;20,28;0,33;8,94;0,08;6,24;2,75;15,09;84,91;;;
46060;23,0;11,0;12,9;11,8;13,4;12,5;8,3;7,1;980.263;74,34;3,54;3,33;2,62;0,17;12,31;3,70;34,56;65,44;;;
46140;25,5;9,1;13,4;12,9;14,3;11,8;7,1;5,7;937.478;70,93;8,42;8,25;1,76;0,06;4,19;6,38;8,37;91,63;;;
46220;21,8;18,4;13,1;11,6;12,6;11,1;6,1;5,2;219.461;62,36;33,85;0,26;1,07;0,05;1,40;1,02;2,81;97,19;;;
46340;25,7;10,8;12,8;12,2;13,1;11,3;7,6;6,6;209.714;70,14;17,94;0,54;1,24;0,04;8,12;1,98;17,21;82,79;;;
46540;21,9;9,8;11,1;12,3;15,4;13,0;8,0;8,3;299.397;89,18;5,14;0,25;2,30;0,03;1,21;1,89;3,96;96,04;;;
46660;24,9;15,6;14,1;12,2;12,7;10,0;6,1;4,4;139.588;59,71;33,98;0,42;1,26;0,10;2,48;2,05;5,54;94,46;;;
46700;24,6;9,8;13,3;13,2;15,5;12,4;6,3;5,0;413.344;50,99;14,70;0,78;14,63;0,86;10,46;7,59;24,04;75,96;;;
47020;26,4;8,7;12,2;11,8;14,4;12,4;7,6;6,5;115.384;80,15;5,56;0,57;1,61;0,03;9,73;2,35;43,76;56,24;;;
47220;24,0;9,5;14,4;14,1;14,2;11,1;6,7;5,9;156.898;62,74;20,23;1,11;1,22;0,04;11,15;3,52;27,06;72,94;;;
47260;23,6;11,9;14,1;12,8;15,0;11,1;6,4;5,1;1.671.683;59,65;31,25;0,41;3,47;0,12;1,67;3,43;5,36;94,64;;;
47300;32,6;10,7;14,0;12,4;11,8;9,1;5,2;4,3;442.179;60,07;1,63;1,58;3,43;0,12;29,01;4,17;60,62;39,38;;;
47380;25,4;14,3;12,9;11,4;12,9;10,7;6,5;6,0;234.906;69,83;14,80;0,63;1,37;0,05;10,85;2,47;23,61;76,39;;;
47580;26,8;9,5;14,3;13,5;15,2;10,3;6,0;4,4;139.900;63,35;28,59;0,34;2,43;0,13;2,40;2,75;6,09;93,91;;;
47900;23,9;9,2;15,3;15,1;15,3;11,2;5,7;4,3;5.582.170;54,80;25,77;0,41;9,27;0,07;6,00;3,68;13,81;86,19;;;
47940;22,0;14,4;12,6;10,9;13,0;12,3;7,3;7,4;167.819;88,24;7,07;0,19;1,14;0,13;1,27;1,97;3,14;96,86;;;
48140;24,5;7,8;12,2;13,2;15,6;12,4;7,2;6,9;134.063;91,33;0,63;0,47;5,33;0,02;0,91;1,30;2,23;97,77;;;
48300;25,7;8,5;11,8;11,8;14,3;12,9;8,0;7,0;110.884;79,41;0,33;1,00;0,79;0,14;15,63;2,71;26,81;73,19;;;
48540;19,7;8,9;11,1;12,0;15,4;15,0;8,9;9,0;147.950;94,66;3,14;0,13;0,51;0,01;0,17;1,38;0,71;99,29;;;
48620;27,0;9,5;13,6;12,3;14,4;11,3;6,1;5,9;623.061;79,68;7,71;1,11;3,40;0,08;4,38;3,65;11,57;88,43;;;
48660;23,2;13,2;13,4;11,5;14,1;11,0;7,1;6,5;151.306;79,35;9,19;1,04;1,79;0,07;5,82;2,74;15,20;84,80;;;
48700;20,9;11,0;11,0;12,1;15,3;13,2;8,1;8,3;116.111;92,65;4,48;0,19;0,58;0,02;0,36;1,72;1,34;98,66;;;
48900;20,0;9,9;12,9;12,7;13,8;14,3;9,8;6,5;362.315;79,83;14,21;0,57;0,88;0,05;2,55;1,91;5,37;94,63;;;
49020;24,0;8,7;12,2;13,8;15,4;12,3;7,8;5,9;128.472;87,78;4,89;0,29;1,27;0,04;3,67;2,06;7,36;92,64;;;
49180;24,0;9,2;12,1;13,6;14,9;12,3;7,6;6,3;477.717;69,63;20,29;0,39;1,45;0,05;6,23;1,96;10,31;89,69;;;
49340;23,4;9,6;11,6;14,2;16,4;12,0;6,4;6,3;798.552;85,58;4,17;0,25;3,98;0,03;3,64;2,35;9,44;90,56;;;
49420;30,4;9,9;13,1;12,1;12,5;10,4;6,2;5,3;243.231;63,75;0,95;4,34;1,05;0,08;26,07;3,74;45,01;54,99;;;
49620;23,5;8,3;11,6;13,9;15,9;12,8;7,5;6,5;434.972;88,54;5,60;0,22;1,24;0,03;2,37;2,00;5,61;94,39;;;
49660;21,8;8,4;10,5;12,0;15,3;14,1;8,7;9,2;565.773;85,70;10,88;0,18;0,60;0,02;0,79;1,84;2,68;97,32;;;
49700;28,2;10,0;13,8;12,5;13,4;10,6;6,4;5,1;166.892;64,16;2,56;1,82;11,10;0,34;13,79;6,22;27,14;72,86;;;
49740;28,2;10,8;12,4;11,7;11,5;9,7;8,9;6,8;195.751;70,44;2,01;1,56;1,19;0,16;20,81;3,84;59,72;40,28;;;
10020;26,7;8,7;13,0;12,5;15,0;11,2;7,0;6,0;57.999;80,90;14,29;0,36;2,00;0,01;1,04;1,40;2,38;97,62;;;
10100;23,3;10,2;12,1;10,9;14,6;12,3;7,6;9,0;40.602;93,69;0,49;2,77;0,89;0,10;0,42;1,65;1,36;98,64;;;
10140;21,6;8,6;11,8;11,8;14,9;15,0;9,4;6,8;72.797;84,93;1,10;4,57;1,42;0,25;3,87;3,86;8,62;91,38;;;
10220;23,4;13,1;12,8;11,1;13,3;11,5;8,0;6,8;37.492;71,18;2,41;17,37;0,65;0,05;1,13;7,21;4,06;95,94;;;
10300;23,2;9,5;11,0;13,0;15,3;13,5;7,9;6,7;99.892;92,27;2,54;0,48;0,52;0,03;1,97;2,19;7,62;92,38;;;
10460;25,0;10,4;13,0;11,2;13,7;11,8;8,6;6,4;63.797;72,66;3,53;6,69;1,17;0,24;11,52;4,18;34,53;65,47;;;
10540;24,1;8,5;12,3;12,1;14,0;13,5;8,5;6,9;116.672;90,57;0,46;1,28;0,95;0,14;3,33;3,27;7,82;92,18;;;
10620;22,7;9,2;11,0;13,5;14,9;13,1;8,8;6,9;60.585;83,56;10,94;0,33;1,85;0,07;2,10;1,16;3,58;96,42;;;
10660;22,0;7,2;10,7;11,2;15,3;13,5;9,7;10,5;31.255;93,17;0,74;0,22;0,76;0,06;3,39;1,66;8,80;91,20;;;
10700;25,0;8,8;12,2;13,1;14,0;12,0;8,6;6,3;93.019;87,58;1,61;0,76;0,51;0,11;7,75;1,68;12,08;87,92;;;
10760;21,8;7,9;10,4;12,9;15,2;14,6;9,9;7,3;53.155;69,11;27,59;0,30;0,40;0,04;1,60;0,96;2,39;97,61;;;
10820;21,9;8,1;11,5;10,7;14,8;13,4;10,1;9,6;36.009;97,71;0,42;0,29;0,46;0,01;0,20;0,91;0,95;99,05;;;
10860;28,8;9,4;12,0;11,9;13,4;11,5;7,2;5,9;40.838;87,22;0,58;0,66;0,37;0,02;9,53;1,61;78,98;21,02;;;
10880;26,2;7,7;11,0;13,2;16,3;12,7;7,3;5,7;111.408;92,91;1,22;0,57;0,58;0,02;2,77;1,93;6,69;93,31;;;
10940;21,5;11,3;12,7;13,1;14,8;11,7;7,6;7,2;42.476;90,61;5,54;0,46;0,34;0,02;1,65;1,37;5,42;94,58;;;
10980;20,9;7,4;9,9;10,9;17,0;14,5;10,1;9,4;29.598;97,46;0,27;0,53;0,51;0,04;0,14;1,05;1,03;98,97;;;
11060;26,1;10,7;13,6;12,1;13,4;11,0;7,1;5,8;26.446;72,81;7,51;1,81;1,18;0,21;11,63;4,86;20,94;79,06;;;
11140;25,9;12,6;12,3;12,2;12,9;11,5;7,2;5,5;37.829;46,29;48,03;0,29;1,21;0,06;3,00;1,13;4,96;95,04;;;
11220;23,5;8,2;11,4;12,2;14,7;13,4;7,5;9,1;50.219;90,64;1,89;0,34;0,73;0,04;4,40;1,95;11,26;88,74;;;
11380;29,2;9,6;13,3;12,0;14,6;10,1;6,1;5,2;14.786;79,46;1,50;0,96;0,62;0,01;15,48;1,97;48,66;51,34;;;
11420;22,9;10,5;10,2;12,6;14,9;13,9;8,8;6,1;34.185;96,82;0,52;0,27;0,49;0,03;0,94;0,93;2,87;97,13;;;
11580;22,5;10,6;13,2;12,0;12,5;11,4;10,2;7,6;34.862;66,24;12,71;0,39;0,51;0,03;17,72;2,39;29,90;70,10;;;
11620;25,5;7,6;12,4;12,3;14,4;12,5;8,5;6,8;56.980;75,12;5,92;8,49;0,97;0,02;3,16;6,32;6,39;93,61;;;
11660;19,5;21,5;10,3;10,3;12,6;11,0;7,7;7,2;22.995;71,83;23,54;0,43;0,52;0,02;2,16;1,50;4,03;95,97;;;
11740;23,9;10,3;11,1;11,9;14,3;12,7;8,5;7,3;53.139;97,28;0,75;0,17;0,52;0,07;0,22;0,99;0,94;99,06;;;
11780;23,7;7,9;10,9;12,9;15,6;13,4;8,3;7,3;101.497;92,65;3,53;0,24;0,37;0,02;1,07;2,11;3,39;96,61;;;
11820;20,5;8,9;11,5;11,0;14,8;16,6;9,4;7,3;37.039;90,93;0,53;0,98;1,23;0,23;3,26;2,84;7,66;92,34;;;
11860;24,2;14,2;10,4;10,9;13,8;11,1;7,8;7,5;16.924;90,97;5,04;0,55;0,41;0,05;0,53;2,46;2,26;97,74;;;
11900;15,8;32,1;11,8;9,5;10,8;9,8;5,7;4,4;64.757;91,80;2,74;0,25;2,70;0,02;0,37;2,12;1,55;98,45;;;
11940;22,6;8,1;10,9;13,1;14,9;13,6;9,7;7,1;52.266;91,75;3,95;0,34;0,74;0,02;1,20;1,99;2,84;97,16;;;
11980;22,7;7,9;10,4;11,6;14,3;13,9;11,1;8,1;78.532;85,82;6,22;0,55;0,42;0,04;5,13;1,82;10,81;89,19;;;
12140;26,4;8,1;11,7;13,2;15,4;12,1;7,2;5,9;42.223;96,94;0,35;0,23;0,45;0,04;0,83;1,15;2,44;97,56;;;
12180;21,6;8,7;11,8;12,9;16,4;13,3;7,7;7,6;80.026;92,52;3,99;0,35;0,49;0,04;0,82;1,79;2,37;97,63;;;
12300;20,7;8,6;10,9;13,0;16,8;14,5;8,2;7,3;122.151;96,19;0,56;0,48;0,73;0,04;0,30;1,69;1,23;98,77;;;
12380;25,2;8,1;12,0;11,4;14,1;11,7;7,3;10,1;39.163;90,63;2,09;0,25;1,66;0,10;3,41;1,86;10,57;89,43;;;
12460;25,4;9,3;12,0;12,7;14,6;12,0;7,7;6,2;27.842;54,22;41,08;0,42;0,52;0,02;2,52;1,21;5,04;94,96;;;
12660;23,8;7,5;12,5;13,0;15,4;12,8;7,7;7,3;61.976;94,53;0,58;1,24;0,54;0,02;1,87;1,22;4,32;95,68;;;
12740;20,7;9,1;10,8;13,3;16,6;15,1;7,7;6,7;59.534;96,07;0,74;0,25;0,84;0,02;0,31;1,77;1,67;98,33;;;
12780;23,4;8,2;11,4;11,4;14,7;13,0;8,9;8,9;50.976;78,33;2,41;10,29;1,09;0,03;1,75;6,10;5,01;94,99;;;
12820;24,7;8,6;12,1;11,5;14,5;13,2;7,9;7,5;27.979;51,27;46,94;0,13;0,36;0,05;0,27;0,98;0,91;99,09;;;
12860;22,1;9,2;10,9;12,7;16,7;12,7;8,0;7,7;60.079;92,86;2,68;1,13;0,59;0,01;0,96;1,77;2,69;97,31;;;
12900;24,0;9,0;11,9;12,6;14,3;12,5;8,6;7,1;36.647;91,93;1,97;0,49;0,76;0,11;3,21;1,53;5,84;94,16;;;
13060;26,4;8,7;11,5;11,1;15,3;12,8;8,1;6,2;36.702;71,21;11,44;0,70;1,96;0,02;12,34;2,32;38,35;61,65;;;
13100;23,0;7,1;10,2;11,3;15,8;13,2;9,0;10,4;22.311;96,86;0,32;0,48;0,39;0,01;0,60;1,34;1,73;98,27;;;
13180;22,1;7,7;12,9;13,7;16,7;12,0;7,4;7,5;88.759;93,84;2,68;0,43;0,53;0,05;1,47;0,99;3,97;96,03;;;
13220;20,8;8,0;12,8;13,1;14,2;15,1;8,5;7,5;78.859;88,51;8,20;0,25;0,91;0,03;0,37;1,73;1,26;98,74;;;
13260;23,6;7,1;11,0;12,7;15,3;13,8;9,1;7,3;46.134;97,34;0,40;0,34;0,49;0,03;0,30;1,11;1,18;98,82;;;
13300;21,9;11,2;16,3;14,7;14,8;10,3;5,9;4,9;31.861;78,75;8,14;0,52;0,56;0,05;9,67;2,32;56,20;43,80;;;
13340;25,3;7,5;11,2;12,6;15,3;13,4;8,2;6,5;45.858;95,34;1,62;0,25;0,53;0,03;0,31;1,91;1,18;98,82;;;
13420;25,0;14,6;12,3;10,0;13,3;11,9;6,8;6,1;44.442;75,06;0,59;20,26;0,70;0,04;0,25;3,10;1,52;98,48;;;
13500;21,9;8,4;14,4;14,0;15,1;13,1;7,8;5,3;28.933;41,43;50,91;4,52;0,26;0,01;1,06;1,81;2,77;97,23;;;
13540;20,5;8,7;9,1;11,5;16,3;15,1;9,6;9,2;37.125;96,59;0,83;0,25;0,72;0,04;0,30;1,26;1,41;98,59;;;
13620;18,9;6,7;9,5;12,4;17,0;16,2;10,1;9,2;39.361;97,01;0,42;0,42;0,48;0,00;0,26;1,41;1,17;98,83;;;
13660;20,0;20,9;10,0;9,5;12,2;12,1;9,0;6,4;42.798;93,68;2,52;0,63;0,65;0,03;0,35;2,14;1,71;98,29;;;
13700;22,4;10,5;13,4;11,9;17,4;11,3;7,0;6,2;35.012;74,05;6,23;0,91;0,76;0,04;15,95;2,06;37,86;62,14;;;
13860;21,0;6,7;10,9;10,6;16,0;15,7;9,8;9,3;18.546;74,09;0,59;11,44;1,31;0,09;9,04;3,45;19,40;80,60;;;
13940;33,0;8,4;12,7;11,3;12,7;10,5;6,3;5,1;45.607;80,58;0,23;6,51;0,62;0,08;9,82;2,15;17,24;82,76;;;
14100;19,2;14,6;10,1;11,8;14,6;13,1;8,3;8,3;85.562;95,41;1,76;0,12;1,04;0,02;0,63;1,03;1,96;98,04;;;
14140;20,5;8,5;11,4;12,3;14,5;15,2;9,5;8,2;107.342;93,05;4,77;0,18;0,57;0,01;0,19;1,23;0,72;99,28;;;
14180;28,2;9,0;12,8;12,0;14,1;11,5;6,8;5,4;46.480;61,65;34,03;0,29;0,50;0,01;2,03;1,50;3,65;96,35;;;
14220;25,2;8,2;12,4;11,8;14,8;13,2;8,3;6,2;47.168;66,74;31,01;0,28;0,23;0,01;0,63;1,10;1,88;98,12;;;
14300;22,1;8,3;12,1;12,7;15,1;12,7;9,4;7,6;33.915;86,02;6,82;1,09;0,37;0,02;3,62;2,07;9,51;90,49;;;
14340;23,9;7,6;11,9;11,6;15,6;13,4;7,8;8,1;26.306;96,97;0,78;0,31;0,33;0,01;0,58;1,01;1,92;98,08;;;
14380;13,8;31,8;10,3;9,1;11,2;11,3;7,1;5,3;51.079;94,50;1,72;0,25;0,93;0,03;1,17;1,40;3,35;96,65;;;
14420;26,3;7,8;12,4;11,6;14,4;12,8;7,5;7,2;22.150;85,53;2,52;1,64;0,41;0,02;7,14;2,74;19,80;80,20;;;
14580;20,9;15,9;16,9;12,5;13,3;11,0;5,2;4,2;89.513;95,05;0,32;0,87;1,15;0,08;0,68;1,85;2,76;97,24;;;
14620;21,1;9,3;11,2;13,3;15,2;13,0;8,5;8,4;43.450;95,88;2,41;0,23;0,44;0,01;0,14;0,89;1,74;98,26;;;
14660;22,6;7,1;10,8;10,9;14,9;14,4;11,1;8,2;91.067;93,23;0,41;4,09;0,35;0,02;0,21;1,69;1,09;98,91;;;
14700;20,8;8,2;10,2;11,3;14,3;14,9;12,5;7,8;83.877;94,99;0,60;0,71;0,52;0,07;1,26;1,87;3,63;96,37;;;
14780;22,1;10,6;10,3;10,9;14,3;13,5;9,3;9,1;33.718;74,17;17,64;0,29;1,32;0,02;4,98;1,58;13,76;86,24;;;
14820;17,6;8,4;8,9;10,2;13,6;15,5;14,0;11,8;33.090;92,41;3,90;0,29;0,44;0,02;1,25;1,69;2,91;97,09;;;
14940;34,0;8,2;14,1;11,2;12,3;9,0;6,0;5,1;49.975;91,77;0,34;0,82;0,89;0,17;3,77;2,24;8,31;91,69;;;
15020;26,1;8,3;12,2;12,5;14,3;12,5;7,5;6,7;34.869;68,44;29,95;0,18;0,34;0,02;0,32;0,75;0,95;99,05;;;
15060;15,7;5,4;7,6;8,9;15,0;19,5;15,9;12,1;22.364;92,00;0,30;1,90;0,72;0,09;1,31;3,68;5,37;94,63;;;
15100;18,9;28,6;13,8;9,4;10,5;8,9;5,1;4,9;31.965;93,23;0,79;0,88;2,72;0,03;0,92;1,42;1,99;98,01;;;
15140;25,6;8,3;11,7;11,8;15,4;13,5;7,6;6,2;18.787;45,87;50,38;0,17;0,11;0,00;2,54;0,93;3,85;96,15;;;
15220;23,9;9,1;11,2;11,5;13,9;13,1;9,7;7,6;38.106;86,50;3,63;0,57;0,43;0,04;6,74;2,10;19,56;80,44;;;
15340;23,1;7,5;10,9;12,4;14,8;13,4;9,4;8,4;43.784;97,20;0,86;0,14;0,36;0,02;0,32;1,11;1,22;98,78;;;
15420;31,3;8,4;12,0;10,9;12,8;10,7;7,4;6,4;43.021;81,06;0,33;0,99;0,46;0,04;14,74;2,39;28,40;71,60;;;
15460;22,7;7,3;11,4;11,5;15,1;13,9;9,2;8,9;47.656;92,12;4,33;0,24;0,64;0,05;0,51;2,10;2,35;97,65;;;
15580;21,0;10,8;11,3;11,3;15,5;13,7;8,7;7,7;34.200;94,42;0,32;1,92;0,48;0,07;0,68;2,11;3,66;96,34;;;
15620;24,3;7,5;10,9;11,9;15,6;13,5;9,1;7,2;47.584;96,69;0,36;0,61;0,51;0,04;0,38;1,41;1,73;98,27;;;
15660;27,0;8,8;12,9;14,5;14,0;11,2;7,1;4,5;55.186;85,22;3,63;0,37;0,98;0,13;7,70;1,96;14,02;85,98;;;
15700;21,7;7,9;10,8;11,9;15,9;14,2;9,8;7,9;32.618;67,65;27,72;0,34;0,92;0,03;1,42;1,92;3,46;96,54;;;
15740;24,0;7,8;11,0;12,4;15,1;13,6;8,9;7,1;40.087;96,01;1,47;0,25;0,27;0,02;0,19;1,78;0,87;99,13;;;
15780;23,0;8,1;10,7;11,3;15,6;14,2;9,0;8,1;31.488;59,97;37,03;0,32;0,34;0,02;0,75;1,57;1,78;98,22;;;
15820;22,3;11,6;11,4;11,5;14,6;12,6;8,9;7,2;24.512;91,95;4,96;0,13;0,53;0,04;0,76;1,63;1,77;98,23;;;
15860;17,5;7,1;13,6;13,8;16,0;14,4;9,8;7,8;46.824;90,18;3,94;1,73;0,60;0,05;1,63;1,88;12,32;87,68;;;
15900;20,9;8,0;12,3;12,9;14,7;13,2;9,1;9,0;37.069;93,41;3,42;0,35;0,30;0,01;1,61;0,90;2,42;97,58;;;
16060;17,8;24,9;14,4;9,8;11,1;10,4;5,9;5,7;60.218;77,84;14,26;0,38;3,17;0,05;1,65;2,65;3,99;96,01;;;
16100;26,1;8,7;12,6;11,7;14,4;12,5;7,3;6,7;53.829;77,41;1,38;1,50;0,66;0,04;16,03;2,98;44,09;55,91;;;
16260;30,2;16,7;14,6;9,9;10,0;8,8;5,9;3,9;46.163;90,65;0,49;2,21;0,76;0,30;3,25;2,34;7,72;92,28;;;
16340;26,6;9,1;12,7;12,8;13,9;11,5;7,7;5,6;41.475;77,09;12,51;0,28;0,68;0,09;7,52;1,83;11,78;88,22;;;
16380;26,4;7,8;11,0;11,6;15,0;12,8;7,4;8,0;40.814;97,42;0,25;0,25;0,44;0,17;0,56;0,91;1,50;98,50;;;
16420;21,7;8,7;12,0;13,2;14,8;13,4;9,2;7,0;31.499;93,70;4,53;0,15;0,14;0,02;0,38;1,10;1,17;98,83;;;
16460;23,4;8,2;11,0;11,5;15,1;13,3;9,1;8,4;39.437;93,15;3,95;0,31;0,57;0,02;0,42;1,59;1,37;98,63;;;
16500;23,1;8,4;11,2;11,4;14,5;14,0;9,7;7,7;75.455;89,74;0,54;1,42;0,88;0,16;4,04;3,23;8,65;91,35;;;
16540;23,9;8,0;11,5;13,1;14,5;12,5;8,6;7,9;149.618;92,02;3,14;0,20;0,88;0,02;1,90;1,84;4,30;95,70;;;
16660;19,3;20,9;11,4;10,1;12,8;11,3;7,2;7,1;64.921;93,78;3,24;0,19;0,86;0,02;0,51;1,39;1,89;98,11;;;
16900;23,9;8,5;10,9;13,2;15,4;13,6;8,4;6,1;33.140;59,79;37,38;0,41;0,33;0,02;0,56;1,51;1,45;98,55;;;
17060;22,5;7,8;12,9;14,4;16,3;12,5;7,8;5,7;78.064;90,74;6,20;0,30;0,38;0,01;0,28;2,09;0,96;99,04;;;
17200;21,0;6,9;10,3;13,2;16,8;15,2;9,1;7,4;43.742;96,98;0,42;0,29;0,62;0,01;0,27;1,40;1,13;98,87;;;
17220;21,6;7,4;12,0;13,0;15,5;14,1;8,7;7,7;94.196;96,33;1,44;0,21;0,43;0,02;0,16;1,41;1,13;98,87;;;
17260;29,3;10,9;12,0;11,2;13,3;11,0;6,6;5,6;26.151;22,90;75,53;0,09;0,47;0,02;0,49;0,50;1,12;98,88;;;
17340;21,1;7,7;10,2;11,0;15,9;16,4;10,1;7,6;64.665;80,47;1,91;3,17;1,12;0,17;8,44;4,74;17,15;82,85;;;
17380;25,3;12,7;13,0;11,4;13,1;12,4;6,8;5,2;34.145;33,52;64,20;0,12;0,55;0,03;0,95;0,62;1,87;98,13;;;
17500;27,8;10,9;14,2;13,5;12,8;9,3;6,7;4,8;39.140;59,88;13,44;1,72;0,71;0,06;21,52;2,68;49,16;50,84;;;
17540;23,6;8,1;11,0;11,8;15,8;12,9;8,6;8,3;49.116;93,97;2,63;0,25;0,57;0,02;0,73;1,83;2,53;97,47;;;
17580;28,4;11,2;15,0;11,8;12,6;9,6;6,2;5,3;48.376;69,72;6,32;1,17;1,29;0,11;17,25;4,15;39,52;60,48;;;
17700;23,7;9,7;11,5;11,0;14,2;12,6;8,8;8,6;35.471;83,34;5,80;3,35;0,58;0,11;1,89;4,93;5,20;94,80;;;
17740;23,9;8,0;12,0;13,0;15,6;12,7;8,4;6,3;45.248;92,94;3,08;0,40;0,46;0,01;1,63;1,48;3,99;96,01;;;
17940;24,3;8,2;13,3;12,7;15,5;13,1;7,2;5,7;80.956;82,36;12,54;0,33;0,60;0,04;2,17;1,95;4,83;95,17;;;
18060;25,2;10,8;12,8;12,4;14,2;11,8;7,0;5,9;59.779;53,96;43,48;0,19;0,67;0,05;0,56;1,09;1,53;98,47;;;
18100;26,4;7,9;12,0;11,7;15,1;11,9;7,3;7,6;32.237;90,02;0,45;0,68;0,47;0,04;6,86;1,48;13,81;86,19;;;
18180;21,8;8,9;11,0;13,5;17,3;13,8;7,1;6,5;146.445;95,33;1,04;0,27;1,59;0,03;0,33;1,41;1,60;98,40;;;
18220;24,0;7,4;11,2;12,8;14,1;14,0;8,9;7,7;24.277;96,93;1,33;0,13;0,33;0,00;0,30;0,97;0,92;99,08;;;
18260;21,8;12,5;11,8;12,3;13,6;12,6;8,9;6,5;106.042;93,83;1,48;0,41;0,85;0,05;1,98;1,40;3,98;96,02;;;
18300;18,9;7,7;10,3;10,1;15,1;16,6;12,0;9,4;63.043;89,81;0,41;2,52;1,05;0,19;1,70;4,33;5,38;94,62;;;
18340;23,9;11,1;11,4;12,8;14,1;12,4;8,4;5,8;35.637;97,38;0,58;0,27;0,36;0,04;0,18;1,19;0,87;99,13;;;
18380;26,1;8,6;11,7;12,1;14,0;13,5;7,5;6,5;23.439;53,27;43,00;0,14;0,78;0,05;1,79;0,97;3,19;96,81;;;
18420;24,3;7,9;12,3;13,2;13,9;12,5;9,2;6,7;37.057;85,43;11,39;0,21;0,32;0,02;1,62;1,02;2,73;97,27;;;
18460;23,9;8,9;12,6;13,2;13,8;12,3;8,7;6,6;43.041;85,72;3,35;0,45;2,23;0,15;6,30;1,79;12,39;87,61;;;
18500;23,4;7,8;11,1;12,5;15,6;13,8;8,3;7,6;98.990;95,28;1,56;0,23;1,17;0,02;0,35;1,40;1,38;98,62;;;
18620;27,1;8,9;11,4;12,4;13,9;12,0;8,1;6,3;47.735;69,43;13,84;0,64;0,53;0,80;12,52;2,24;23,77;76,23;;;
18660;21,1;17,4;10,6;11,4;14,3;12,1;7,0;6,1;49.336;95,06;1,54;0,28;0,84;0,01;0,55;1,71;2,22;97,78;;;
18740;24,1;7,8;11,2;12,3;15,1;13,3;8,9;7,3;36.901;97,04;1,07;0,22;0,28;0,01;0,22;1,16;0,76;99,24;;;
18820;24,0;9,7;11,0;12,6;15,3;12,0;8,5;7,1;38.124;95,24;0,86;0,26;0,56;0,02;1,84;1,24;4,56;95,44;;;
18860;21,5;8,8;14,3;13,4;15,6;13,0;7,5;6,0;28.610;73,74;3,47;7,84;3,37;0,11;6,92;4,54;17,80;82,20;;;
18900;19,1;6,6;9,1;10,9;13,3;15,1;15,4;10,5;56.053;96,81;0,29;0,31;0,42;0,07;1,10;1,00;2,33;97,67;;;
18940;27,3;9,4;12,6;12,0;14,7;11,2;7,1;5,6;61.773;79,53;18,09;0,26;0,22;0,01;0,56;1,32;1,72;98,28;;;
18980;23,2;8,6;11,9;12,9;14,7;12,8;9,2;6,7;80.406;94,69;1,06;0,51;0,43;0,02;2,19;1,11;4,30;95,70;;;
19020;25,9;7,8;12,3;14,3;15,7;11,8;7,2;5,0;46.689;75,09;15,78;0,41;1,30;0,08;4,56;2,77;8,90;91,10;;;
19220;23,1;9,3;11,1;13,4;14,6;12,9;8,6;7,0;53.174;91,48;5,05;0,18;0,48;0,02;0,98;1,82;2,20;97,80;;;
19300;23,0;7,6;11,5;12,9;14,8;13,5;9,8;7,0;182.265;85,67;9,38;0,67;0,74;0,05;1,99;1,49;4,38;95,62;;;
19540;31,2;8,6;11,5;11,5;12,8;10,8;6,7;7,1;34.387;96,98;0,31;0,21;0,23;0,02;1,38;0,88;4,11;95,89;;;
19580;24,6;8,7;11,5;12,2;14,9;13,2;8,0;7,0;39.037;92,75;1,86;0,25;0,30;0,03;2,83;1,97;8,73;91,27;;;
19620;29,8;10,4;13,1;12,9;11,6;9,9;6,9;5,4;48.879;84,97;1,53;0,49;0,49;0,09;10,37;2,07;80,20;19,80;;;
19700;26,5;8,7;10,4;10,5;12,0;12,4;10,7;8,9;25.095;77,75;1,15;1,26;0,47;0,08;16,64;2,65;61,46;38,54;;;
19760;26,1;8,4;13,3;13,3;14,0;11,9;7,7;5,2;35.654;82,24;13,06;1,00;0,63;0,05;0,62;2,41;2,81;97,19;;;
19860;21,3;12,1;12,9;10,4;15,2;11,9;7,1;9,0;24.982;95,26;0,80;0,97;1,18;0,04;0,51;1,24;1,83;98,17;;;
19900;26,7;9,1;12,2;12,2;14,3;12,6;7,5;5,5;32.062;48,03;46,10;2,46;0,24;0,02;1,50;1,63;2,60;97,40;;;
19940;21,5;8,1;11,7;13,0;16,6;13,4;8,1;7,5;36.031;90,88;4,82;0,21;0,68;0,03;1,92;1,47;5,00;95,00;;;
19980;30,9;10,8;14,6;12,4;12,3;9,0;4,8;5,1;33.848;75,32;2,12;1,03;1,44;0,16;17,23;2,69;51,17;48,83;;;
20060;26,7;10,2;13,7;13,9;13,5;10,9;6,7;4,3;50.731;64,26;25,10;0,32;0,64;0,08;8,20;1,39;12,60;87,40;;;
20140;24,9;8,3;12,5;13,2;14,5;12,4;7,9;6,3;58.414;61,04;35,63;0,20;0,86;0,01;1,12;1,13;2,28;97,72;;;
20180;20,0;7,9;11,4;13,8;16,1;13,4;9,0;8,5;81.642;95,43;2,28;0,11;0,48;0,02;0,80;0,89;2,34;97,66;;;
20300;32,0;9,8;14,1;12,8;12,5;9,3;5,1;4,5;21.904;72,53;1,53;1,28;6,10;0,08;16,36;2,12;52,69;47,31;;;
20340;24,0;7,6;12,0;11,3;14,7;13,0;9,1;8,2;45.048;85,08;1,93;5,07;0,49;0,03;2,60;4,79;6,19;93,81;;;
20380;27,8;10,1;14,2;14,3;13,0;10,1;6,2;4,3;114.678;68,28;20,90;1,21;0,90;0,12;5,47;3,12;10,78;89,22;;;
20420;20,5;11,8;13,4;12,5;15,5;14,6;7,1;4,6;51.334;86,78;0,40;5,82;0,56;0,06;3,27;3,12;11,80;88,20;;;
20460;23,4;11,7;12,6;11,6;13,0;11,9;9,0;6,7;42.416;76,19;1,54;12,95;0,51;0,03;1,73;7,06;4,97;95,03;;;
20540;24,9;7,9;11,6;13,3;15,0;12,9;8,2;6,1;38.335;81,99;14,29;0,21;0,49;0,03;1,19;1,79;2,61;97,39;;;
20580;33,8;10,2;11,9;12,7;11,3;9,5;5,9;4,6;54.258;91,45;0,25;1,18;0,33;0,01;5,78;1,00;95,68;4,32;;;
20620;21,9;7,6;11,1;13,0;15,8;14,1;8,7;7,8;107.841;95,47;2,23;0,19;0,30;0,03;0,48;1,31;1,25;98,75;;;
20660;19,5;6,6;9,2;11,1;14,7;15,1;13,0;10,8;37.782;81,38;12,78;0,17;1,25;0,06;2,73;1,64;5,49;94,51;;;
20700;23,9;10,4;9,4;13,4;17,3;12,8;7,4;5,3;169.842;77,23;13,16;0,34;2,05;0,05;4,30;2,89;13,12;86,88;;;
20780;24,6;8,6;18,3;17,0;14,5;10,9;4,4;1,6;59.507;82,85;0,65;0,74;0,94;0,03;12,49;2,30;31,17;68,83;;;
20820;24,7;8,5;12,2;11,7;15,6;12,2;7,7;7,5;34.242;97,63;0,23;0,11;0,43;0,02;0,77;0,81;1,74;98,26;;;
20900;26,8;8,7;12,2;11,5;14,2;12,0;7,6;7,0;41.280;72,17;14,09;0,39;0,39;0,00;11,13;1,82;37,42;62,58;;;
20980;24,2;7,8;11,9;12,2;15,0;13,3;8,2;7,4;41.639;63,10;32,95;0,34;0,50;0,03;1,82;1,25;3,51;96,49;;;
21020;22,7;10,5;11,8;12,4;15,0;12,5;8,6;6,5;64.094;63,88;31,23;0,34;1,00;0,04;1,51;2,00;3,34;96,66;;;
21120;24,1;9,8;15,5;12,6;14,4;10,8;6,6;6,2;22.119;85,02;3,96;2,78;0,80;0,01;4,60;2,83;11,84;88,16;;;
21220;29,0;9,4;13,2;13,0;15,2;11,6;5,7;3,0;50.805;79,81;0,75;5,20;0,91;0,14;10,08;3,12;22,43;77,57;;;
21260;18,3;23,1;11,7;10,0;12,4;11,8;7,5;5,2;40.915;89,32;0,89;0,96;1,98;0,14;3,67;3,05;7,63;92,37;;;
21380;23,5;15,5;12,5;10,7;13,3;11,3;6,7;6,5;36.480;84,43;2,34;0,67;2,17;0,05;7,71;2,63;18,79;81,21;;;
21420;24,7;9,0;13,7;11,2;14,3;11,8;7,7;7,6;60.580;83,87;2,99;2,27;0,97;1,82;4,56;3,53;8,84;91,16;;;
21460;24,5;9,0;14,1;12,7;13,8;11,9;7,9;6,0;100.199;74,42;18,00;1,01;1,18;0,14;2,50;2,75;5,99;94,01;;;
21540;20,9;7,3;9,9;11,2;15,9;15,7;9,7;9,4;37.069;94,74;0,20;2,36;0,39;0,02;0,18;2,11;0,86;99,14;;;
21580;24,6;8,9;11,5;12,4;15,0;13,5;8,2;5,8;40.246;51,63;0,51;16,02;0,42;0,03;28,05;3,34;71,32;28,68;;;
21640;21,8;8,8;13,5;13,1;14,5;13,5;8,6;6,3;29.970;48,28;46,98;0,39;0,36;0,10;2,99;0,90;4,74;95,26;;;
21700;20,1;12,4;14,9;11,2;13,9;14,4;7,2;6,0;134.623;81,65;1,12;5,74;2,19;0,26;3,72;5,33;9,81;90,19;;;
21740;30,2;7,6;13,7;12,4;15,1;12,1;5,3;3,6;21.118;92,40;0,26;0,80;0,29;0,17;4,07;2,01;8,78;91,22;;;
21860;22,2;6,5;10,2;10,4;15,7;14,2;9,2;11,5;20.840;96,65;0,31;0,28;0,50;0,03;1,33;0,90;3,57;96,43;;;
21900;19,9;10,1;12,4;12,8;14,0;14,0;8,9;8,0;56.418;94,34;3,29;0,19;0,50;0,01;0,21;1,45;0,91;99,09;;;
21980;25,2;8,3;12,1;11,8;14,3;13,0;9,0;6,2;24.877;82,03;1,59;4,54;2,67;0,21;4,76;4,21;12,10;87,90;;;
22060;23,6;14,4;11,9;12,5;14,4;10,8;6,5;5,8;64.142;89,29;3,23;0,47;2,05;0,06;3,08;1,81;7,99;92,01;;;
22100;22,0;9,4;14,3;13,2;15,2;11,5;7,9;6,5;65.359;93,61;4,25;0,38;0,37;0,05;0,19;1,16;1,19;98,81;;;
22260;21,7;6,6;9,9;10,1;15,9;14,9;10,7;10,3;57.303;96,12;0,75;0,49;0,47;0,06;0,89;1,22;2,60;97,40;;;
22280;24,9;6,8;11,0;12,5;14,8;14,2;10,2;5,6;51.980;84,96;0,80;2,47;1,39;0,25;6,39;3,73;14,76;85,24;;;
22300;23,6;10,3;12,1;12,3;15,0;12,5;7,5;6,8;74.782;93,38;1,55;0,22;1,69;0,02;1,37;1,78;4,50;95,50;;;
22340;25,7;8,6;12,4;12,6;13,8;12,3;8,3;6,3;27.172;63,51;31,56;0,21;0,69;0,01;2,84;1,18;4,62;95,38;;;
22580;22,5;7,6;10,3;13,1;14,9;14,3;9,8;7,5;67.810;85,86;10,11;0,25;0,44;0,01;1,52;1,81;3,53;96,47;;;
22620;23,6;8,5;14,8;13,6;15,0;12,3;7,0;5,2;28.258;44,24;51,90;0,52;0,48;0,03;1,37;1,45;4,07;95,93;;;
22700;22,1;11,1;11,8;10,5;14,7;13,0;7,8;8,8;38.013;92,32;3,85;0,29;0,65;0,02;1,07;1,79;3,80;96,20;;;
22780;24,0;22,7;17,1;11,7;10,4;7,0;4,2;3,0;52.274;77,49;11,45;0,78;2,57;0,57;2,29;4,84;9,00;91,00;;;
22800;22,5;7,7;11,2;11,8;15,5;14,3;8,7;8,3;43.001;94,30;2,64;0,18;0,48;0,03;0,60;1,78;2,64;97,36;;;
22820;28,0;8,7;12,2;12,2;14,1;10,7;7,2;6,9;28.159;79,41;2,87;0,84;0,50;0,11;13,92;2,36;33,76;66,24;;;
22840;25,8;8,2;12,7;13,6;13,7;12,1;8,0;5,9;71.109;84,50;1,52;1,36;0,29;0,21;9,92;2,21;13,63;86,37;;;
22860;27,7;13,4;16,9;12,7;11,0;8,9;5,7;3,7;52.334;75,69;14,22;1,41;1,76;0,50;2,36;4,06;7,21;92,79;;;
22980;22,8;17,5;11,4;11,4;14,0;11,5;6,9;4,5;27.695;48,32;45,91;0,24;0,81;0,03;3,16;1,53;6,82;93,18;;;
23140;26,6;8,3;11,9;12,5;14,4;11,8;7,2;7,2;33.224;90,99;0,43;0,25;0,22;0,01;6,84;1,27;13,23;86,77;;;
23180;22,8;9,0;12,4;13,8;15,3;13,4;7,6;5,8;70.706;87,79;7,86;0,19;1,14;0,02;1,10;1,90;2,35;97,65;;;
23240;20,3;5,6;8,2;9,8;13,9;15,6;13,2;13,3;24.837;91,26;0,36;0,62;0,36;0,04;6,12;1,24;20,01;79,99;;;
23300;22,7;7,9;10,2;11,7;15,4;13,4;9,4;9,4;47.711;86,54;8,96;0,18;0,62;0,03;1,15;2,51;2,95;97,05;;;
23340;23,9;8,5;11,8;11,3;14,1;12,1;8,5;9,9;36.691;90,86;0,56;0,49;0,52;0,20;5,95;1,42;10,05;89,95;;;
23380;24,4;7,6;11,4;12,5;15,6;13,1;8,0;7,3;60.944;91,20;2,81;0,22;0,31;0,01;2,84;2,62;8,92;91,08;;;
23500;24,7;9,5;11,5;13,9;14,2;12,8;7,8;5,6;55.342;75,03;20,38;0,36;0,57;0,03;2,21;1,42;3,67;96,33;;;
23620;25,6;8,7;11,0;11,5;14,3;13,2;8,8;7,1;38.437;85,71;2,74;1,05;0,75;0,05;7,55;2,15;15,60;84,40;;;
23660;21,0;10,5;11,3;11,4;14,1;13,6;9,1;9,0;70.626;88,49;5,82;0,21;0,61;0,03;2,59;2,25;5,73;94,27;;;
23700;31,3;11,5;12,4;11,9;13,4;10,0;5,5;4,0;71.492;15,15;0,50;75,52;0,79;0,03;4,93;3,07;13,25;86,75;;;
23780;32,0;10,9;13,3;12,5;13,5;9,4;4,6;3,7;36.776;76,96;2,29;0,91;3,36;0,04;13,58;2,85;46,72;53,28;;;
23820;20,2;6,3;9,0;10,8;16,4;17,0;12,0;8,2;46.997;89,64;0,43;1,91;1,54;0,14;3,20;3,13;10,86;89,14;;;
23860;21,6;6,9;9,7;11,3;14,2;16,5;12,2;7,6;60.158;63,18;33,60;0,23;0,45;0,02;1,61;0,91;3,10;96,90;;;
23900;22,1;9,7;10,3;13,2;15,6;13,3;8,4;7,3;101.407;93,66;1,54;0,21;0,74;0,02;2,51;1,33;6,03;93,97;;;
23940;28,1;9,8;16,6;12,9;16,2;10,6;3,5;2,2;46.133;93,15;0,34;1,15;0,55;0,05;2,65;2,10;7,83;92,17;;;
23980;24,2;7,8;11,7;13,2;15,0;12,5;8,6;7,0;52.272;93,30;3,41;0,20;0,38;0,06;1,14;1,51;2,34;97,66;;;
24100;22,2;7,9;11,3;13,1;15,9;13,5;8,3;7,7;55.531;95,35;1,91;0,21;0,58;0,02;0,53;1,40;2,27;97,73;;;
24180;22,0;6,7;10,0;11,1;14,8;15,0;11,9;8,5;59.672;91,50;0,52;0,72;0,60;0,07;4,96;1,64;11,50;88,50;;;
24260;26,8;8,0;12,7;12,4;14,1;11,7;7,1;7,3;72.726;85,37;1,45;0,80;0,93;0,17;9,40;1,89;19,30;80,70;;;
24380;25,1;9,4;13,6;12,7;14,6;11,8;7,4;5,4;27.213;41,84;1,01;41,00;0,55;0,10;12,38;3,13;36,50;63,50;;;
24420;20,4;7,0;9,5;10,3;14,3;16,3;12,0;10,3;82.713;92,43;0,42;1,37;0,82;0,18;1,55;3,24;6,35;93,65;;;
24460;24,5;9,1;11,7;10,3;15,1;12,3;7,8;9,2;27.674;88,77;1,44;0,53;0,20;0,06;7,03;1,97;13,31;86,69;;;
24620;21,2;8,1;10,6;13,4;15,0;14,3;10,4;7,1;68.831;94,95;1,99;0,24;0,36;0,03;1,22;1,20;2,46;97,54;;;
24700;25,5;7,7;12,1;12,9;15,3;12,1;7,7;6,8;25.740;97,33;0,32;0,15;0,72;0,03;0,57;0,87;1,66;98,34;;;
24740;28,0;9,5;12,2;11,5;14,1;12,5;6,8;5,5;51.137;26,96;71,31;0,13;0,57;0,02;0,42;0,59;1,03;98,97;;;
24820;24,9;7,4;10,7;12,3;15,0;12,7;8,9;8,0;52.959;97,78;0,45;0,15;0,31;0,01;0,38;0,93;1,22;98,78;;;
24900;25,7;10,8;13,2;11,5;13,8;11,8;7,2;6,0;42.914;34,94;62,46;0,20;0,48;0,00;1,24;0,69;1,98;98,02;;;
24940;23,7;10,7;12,2;12,6;13,5;12,1;8,0;7,2;69.661;62,85;31,36;0,28;0,82;0,04;3,47;1,18;5,44;94,56;;;
24980;24,6;8,7;11,4;13,0;14,5;12,9;8,3;6,6;21.906;56,90;41,72;0,16;0,27;0,01;0,17;0,76;0,90;99,10;;;
25100;28,8;12,1;14,2;12,4;12,4;9,9;5,6;4,7;20.640;75,66;1,63;1,30;1,57;0,16;16,86;2,81;41,95;58,05;;;
25220;25,1;12,8;13,7;11,7;13,6;11,7;6,7;4,7;121.097;66,23;30,27;0,32;0,61;0,04;1,18;1,35;3,52;96,48;;;
25300;23,8;8,4;11,8;11,9;15,0;13,2;8,3;7,6;38.948;93,23;3,92;0,17;0,44;0,08;0,33;1,82;1,26;98,74;;;
25340;20,8;6,9;9,7;12,7;15,6;15,7;10,4;8,1;54.181;94,42;2,66;0,33;0,51;0,03;0,40;1,64;1,31;98,69;;;
25380;22,9;8,3;11,0;11,9;14,2;13,3;9,8;8,6;24.913;93,04;3,99;0,35;0,41;0,07;0,39;1,75;1,36;98,64;;;
25460;22,8;7,6;11,0;12,0;14,3;13,8;10,4;8,1;45.233;96,45;0,18;0,78;0,40;0,05;0,31;1,83;1,80;98,20;;;
25580;24,2;11,1;10,9;10,9;14,5;12,5;7,5;8,4;37.906;92,08;0,71;0,43;1,19;0,04;4,19;1,36;8,04;91,96;;;
25660;26,8;10,7;12,4;10,6;14,3;12,6;6,5;6,2;16.096;73,91;0,31;21,73;0,42;0,04;0,28;3,32;2,32;97,68;;;
25700;21,0;18,4;13,7;9,8;12,7;11,0;6,0;7,4;28.452;93,78;0,85;0,26;1,37;0,02;2,12;1,60;4,57;95,43;;;
25720;33,9;7,6;14,0;14,0;12,4;9,5;5,3;3,3;23.530;90,42;0,34;0,54;0,77;0,12;6,43;1,39;13,53;86,47;;;
25740;22,7;8,3;11,3;11,7;16,5;15,7;8,0;5,8;74.801;94,24;0,31;2,00;0,53;0,06;0,44;2,41;2,41;97,59;;;
25760;28,1;9,0;11,1;10,3;14,2;12,4;8,4;6,5;21.757;35,01;63,06;0,23;0,31;0,00;0,44;0,95;1,32;98,68;;;
25780;25,4;9,2;11,1;13,0;14,2;13,0;7,9;6,2;45.422;44,16;49,85;0,32;0,44;0,02;3,86;1,34;6,72;93,28;;;
25820;32,2;9,6;13,3;11,8;11,9;9,7;6,0;5,5;19.372;77,82;1,25;0,91;0,31;0,01;17,30;2,40;67,31;32,69;;;
25900;22,8;8,4;12,0;11,6;14,9;15,9;8,1;6,4;185.079;33,69;0,55;0,47;22,18;12,10;1,55;29,47;11,55;88,45;;;
25940;21,7;10,2;12,7;11,1;11,8;13,3;11,7;7,5;187.010;68,05;22,83;0,32;1,10;0,07;5,65;1,97;12,47;87,53;;;
26020;29,4;10,1;14,6;12,0;13,1;9,9;5,8;5,0;64.727;74,99;4,08;1,19;0,50;0,06;16,63;2,55;51,08;48,92;;;
26140;15,9;5,7;7,0;9,3;13,7;16,6;17,4;14,5;141.236;93,00;2,82;0,34;1,41;0,03;0,78;1,61;4,66;95,34;;;
26220;26,0;7,7;12,4;13,9;15,4;12,1;6,2;6,4;22.346;83,09;0,45;0,81;1,41;0,17;10,91;3,16;29,49;70,51;;;
26260;25,3;8,3;12,0;11,6;14,4;12,5;8,8;6,9;31.606;61,27;29,77;0,38;0,33;0,06;6,44;1,75;9,28;90,72;;;
26340;20,5;19,7;10,4;9,6;12,3;12,0;8,3;7,2;38.784;94,68;0,52;0,54;2,72;0,04;0,17;1,33;1,11;98,89;;;
26460;20,3;7,4;9,4;12,3;16,8;15,6;9,8;8,3;63.096;90,55;4,52;0,19;1,59;0,03;1,08;2,03;3,89;96,11;;;
26480;25,0;7,4;11,5;12,6;14,6;12,4;8,5;8,0;49.683;78,47;18,80;0,22;0,21;0,01;0,94;1,34;2,04;97,96;;;
26500;20,1;9,7;11,9;13,4;15,1;13,5;8,9;7,3;45.913;92,50;5,21;0,09;0,40;0,00;0,87;0,92;1,58;98,42;;;
26540;23,7;10,0;11,5;12,3;15,6;12,3;7,8;6,9;37.124;97,14;0,43;0,38;0,45;0,02;0,45;1,13;1,70;98,30;;;
26660;16,7;19,9;14,1;13,7;14,7;10,6;6,0;4,2;67.861;67,07;22,48;0,45;0,93;0,04;6,98;2,06;16,78;83,22;;;
26700;24,2;8,0;11,6;10,4;15,5;12,9;7,8;9,5;17.398;89,66;0,84;1,09;3,63;0,10;3,04;1,64;7,68;92,32;;;
26740;23,6;9,1;12,0;11,0;14,5;12,7;8,2;8,9;64.511;90,63;2,99;0,68;0,48;0,03;2,54;2,65;8,07;91,93;;;
26780;25,3;7,4;12,2;13,1;15,0;11,7;7,7;7,6;36.651;95,93;0,54;0,28;0,73;0,05;1,49;0,98;4,94;95,06;;;
26860;19,0;17,5;10,4;10,8;13,8;12,8;8,1;7,6;88.880;94,91;2,74;0,14;0,87;0,01;0,38;0,94;1,07;98,93;;;
26940;24,3;11,7;16,1;12,9;14,0;10,8;5,6;4,6;29.450;25,44;72,93;0,19;0,29;0,03;0,65;0,47;1,37;98,63;;;
27020;20,9;6,5;9,3;11,7;17,5;14,8;9,5;9,7;30.591;97,23;0,32;0,58;0,43;0,03;0,20;1,21;1,00;99,00;;;
27220;22,6;7,5;19,0;16,1;14,1;12,0;5,5;3,2;31.464;87,50;0,24;0,46;0,90;0,09;9,24;1,58;15,61;84,39;;;
27300;21,7;9,8;11,7;11,6;15,4;13,0;8,7;8,1;40.902;91,93;5,21;0,21;0,44;0,02;0,68;1,51;1,85;98,15;;;
27380;25,9;9,4;11,8;12,2;13,5;12,3;8,3;6,7;50.845;71,69;14,75;0,67;0,47;0,02;10,24;2,17;20,65;79,35;;;
27420;20,5;10,1;11,7;11,2;15,7;13,7;7,6;9,5;21.100;95,56;0,66;1,42;0,47;0,06;0,55;1,27;1,71;98,29;;;
27460;21,8;11,3;10,4;11,5;15,1;13,3;8,2;8,3;134.905;92,57;2,37;0,51;0,51;0,03;1,98;2,04;6,11;93,89;;;
27540;24,8;7,0;11,5;12,8;16,2;12,7;8,0;7,0;54.734;95,83;0,29;0,17;0,39;0,03;2,43;0,86;4,83;95,17;;;
27660;26,6;8,5;12,0;11,9;14,9;11,6;7,8;6,8;31.594;79,52;17,31;0,50;0,20;0,01;0,60;1,86;1,70;98,30;;;
27700;24,8;8,4;13,2;14,5;14,4;12,0;7,5;5,3;30.099;74,95;19,92;0,42;0,53;0,02;2,16;2,00;5,71;94,29;;;
27940;23,5;8,9;13,8;13,8;17,4;14,2;5,5;2,9;31.275;69,75;0,89;11,80;6,14;0,70;1,23;9,49;5,08;94,92;;;
27980;23,1;7,5;13,2;13,8;15,7;13,9;7,3;5,5;154.834;34,45;0,56;0,39;28,80;10,37;1,97;23,46;10,15;89,85;;;
28060;23,4;7,4;11,9;12,0;15,9;15,0;8,2;6,2;90.928;95,46;0,22;1,13;0,58;0,06;0,42;2,12;2,28;97,72;;;
28180;22,7;7,3;12,1;12,5;15,3;15,2;8,0;6,9;67.091;33,03;0,41;0,38;31,32;9,03;0,91;24,92;9,41;90,59;;;
28260;24,0;14,6;13,3;11,0;13,1;11,1;6,3;6,6;52.591;93,23;0,75;0,28;1,15;0,03;3,23;1,33;6,99;93,01;;;
28300;19,6;13,8;10,2;12,0;15,6;14,1;7,9;6,8;77.117;96,27;0,51;0,25;1,19;0,02;0,36;1,40;1,41;98,59;;;
28340;27,0;8,3;12,0;13,1;14,9;12,2;6,7;5,8;47.536;92,50;0,39;0,21;0,37;0,01;5,20;1,31;9,61;90,39;;;
28380;25,3;8,2;11,3;12,3;13,8;12,6;9,2;7,3;31.953;85,06;9,72;0,22;0,34;0,03;3,07;1,56;5,40;94,60;;;
28500;20,2;7,9;9,1;9,9;13,7;14,4;12,5;12,3;49.625;87,67;1,78;0,72;0,75;0,06;6,89;2,13;23,97;76,03;;;
28540;23,9;8,7;13,5;12,6;17,1;14,1;6,2;3,9;13.477;68,09;0,58;14,17;7,00;0,20;0,69;9,28;3,99;96,01;;;
28580;15,1;6,8;12,2;13,5;17,6;17,7;10,5;6,5;73.090;89,49;5,74;0,40;1,11;0,10;1,38;1,78;20,62;79,38;;;
28620;20,0;6,5;12,0;13,4;17,1;15,8;9,3;5,9;33.920;92,31;2,46;0,37;0,63;0,04;2,39;1,81;6,52;93,48;;;
28780;25,1;18,0;13,5;10,7;11,3;9,8;6,5;5,0;32.477;80,00;3,71;0,62;2,32;0,11;10,84;2,39;70,25;29,75;;;
28820;24,1;8,0;11,0;11,8;15,4;13,8;8,7;7,3;59.495;53,38;40,54;0,37;0,44;0,08;3,86;1,32;6,58;93,42;;;
28860;20,3;23,7;9,8;9,9;12,1;10,5;7,3;6,3;30.038;94,66;1,36;0,29;1,54;0,04;0,54;1,57;1,84;98,16;;;
28900;22,3;9,4;10,7;11,5;14,0;15,0;9,7;7,4;66.380;85,90;0,65;4,12;0,94;0,11;4,14;4,14;10,42;89,58;;;
28980;28,6;9,7;14,9;13,2;15,7;11,1;4,7;2,0;13.592;55,34;0,68;13,22;19,57;0,64;2,92;7,63;7,33;92,67;;;
29060;20,8;6,7;10,3;12,8;16,9;15,9;9,1;7,7;60.088;96,62;0,46;0,21;1,16;0,02;0,23;1,29;1,20;98,80;;;
29220;22,0;7,7;11,1;13,8;14,3;13,9;10,4;6,9;40.716;97,70;0,31;0,26;0,25;0,05;0,37;1,06;1,16;98,84;;;
29260;22,5;11,1;11,5;10,0;13,6;14,6;8,8;8,0;25.748;93,09;0,51;1,12;0,81;0,88;1,29;2,29;3,89;96,11;;;
29300;26,6;9,5;12,3;13,2;14,2;11,8;6,7;5,6;67.044;61,48;33,40;0,25;1,58;0,08;1,70;1,51;3,24;96,76;;;
29380;22,5;9,8;12,1;12,0;15,1;13,1;8,9;6,4;67.531;77,91;17,50;0,51;0,92;0,06;1,17;1,93;4,85;95,15;;;
29500;24,7;10,2;17,0;11,8;12,5;9,8;7,1;6,9;13.833;76,67;6,54;0,72;0,35;0,05;13,40;2,26;53,40;46,60;;;
29580;23,3;7,8;12,3;14,1;13,9;13,4;9,4;5,9;76.652;71,55;23,85;0,31;0,64;0,02;2,37;1,26;4,41;95,59;;;
29660;16,6;28,9;16,4;9,2;10,2;9,9;4,9;3,8;36.299;90,14;1,16;0,71;2,81;0,06;2,44;2,68;8,82;91,18;;;
29780;22,0;10,8;10,9;11,0;15,6;14,5;9,3;5,9;29.393;66,62;1,40;1,73;0,78;0,13;25,44;3,90;76,83;23,17;;;
29860;25,3;9,5;12,2;12,1;13,9;12,2;8,1;6,6;84.823;62,98;33,15;0,41;0,38;0,02;2,21;0,85;3,93;96,07;;;
29900;25,1;9,2;11,4;12,7;14,4;13,6;7,8;5,8;36.157;46,52;38,56;10,88;0,76;0,02;1,06;2,18;2,09;97,91;;;
29980;25,1;8,0;11,0;13,1;14,2;12,4;9,0;7,1;41.869;95,66;1,53;0,36;0,29;0,00;0,53;1,62;1,65;98,35;;;
30060;25,0;8,0;11,9;12,3;14,9;12,2;9,0;6,7;35.571;95,73;0,68;0,67;0,44;0,05;0,50;1,93;2,02;97,98;;;
30100;19,3;10,7;10,6;11,7;16,4;15,2;8,8;7,3;174.724;95,02;0,72;0,33;1,89;0,02;0,34;1,68;1,48;98,52;;;
30220;27,2;12,2;12,2;10,7;13,9;11,1;7,2;5,6;22.935;78,48;3,65;0,90;0,27;0,02;14,22;2,45;43,57;56,43;;;
30260;18,5;14,0;12,8;14,3;14,3;11,3;7,3;7,5;44.947;87,69;7,40;0,35;1,16;0,05;1,76;1,58;5,22;94,78;;;
30280;24,7;7,9;12,3;13,7;15,1;13,2;7,6;5,5;30.617;88,49;6,54;0,35;0,43;0,06;2,44;1,68;4,53;95,47;;;
30380;23,1;7,3;10,4;12,7;14,7;13,3;9,7;8,9;46.682;97,53;0,64;0,11;0,36;0,01;0,31;1,03;1,14;98,86;;;
30420;28,1;7,9;11,7;12,3;13,6;12,0;7,2;7,2;26.370;79,49;2,85;0,76;0,55;0,17;14,14;2,04;29,56;70,44;;;
30500;26,2;9,9;12,7;14,0;16,1;10,7;6,0;4,3;105.151;78,59;14,29;0,40;2,47;0,07;1,00;3,17;3,78;96,22;;;
30580;32,0;12,0;14,4;13,1;11,9;8,3;4,5;4,0;22.952;70,46;3,37;0,77;2,66;0,19;19,48;3,08;56,60;43,40;;;
30660;20,0;10,9;13,6;12,9;14,9;12,0;7,8;8,0;30.305;89,12;7,54;0,20;0,61;0,02;1,22;1,29;2,95;97,05;;;
30740;23,6;7,5;10,8;15,3;16,2;13,4;8,1;5,1;78.265;89,36;5,55;0,32;0,54;0,02;2,66;1,56;6,69;93,31;;;
30820;20,7;15,3;10,2;11,3;13,9;12,4;8,4;7,8;39.238;96,49;1,59;0,09;0,51;0,04;0,44;0,85;1,11;98,89;;;
30900;25,9;7,9;11,8;12,6;14,7;12,0;7,9;7,2;38.966;88,24;1,48;0,51;1,08;0,08;7,04;1,57;12,57;87,43;;;
30940;24,3;8,2;13,0;14,0;15,1;12,6;7,8;5,1;58.849;97,05;0,71;0,30;0,49;0,01;0,44;1,01;1,22;98,78;;;
31060;24,2;4,2;9,5;13,0;18,6;15,4;8,0;6,9;17.950;87,83;0,57;0,79;5,97;0,06;2,19;2,60;14,74;85,26;;;
31260;26,7;9,2;12,5;12,8;13,6;11,5;7,5;6,2;86.771;72,07;15,02;0,47;0,90;0,01;9,76;1,76;19,76;80,24;;;
31300;26,8;11,1;12,9;12,9;13,4;11,6;6,7;4,6;134.168;28,98;24,33;38,39;0,74;0,06;4,97;2,53;8,15;91,85;;;
31380;16,1;28,7;10,8;8,6;10,9;10,6;6,8;7,4;32.612;90,38;5,03;0,23;1,78;0,01;0,73;1,84;2,66;97,34;;;
31500;22,6;9,9;11,7;12,8;15,5;12,9;8,2;6,4;32.428;95,21;1,67;0,21;0,65;0,02;0,94;1,29;2,33;97,67;;;
31580;23,2;7,8;12,2;12,9;15,0;13,4;8,6;6,8;46.920;90,13;6,58;0,14;0,55;0,04;0,62;1,94;1,56;98,44;;;
31620;22,8;14,2;11,0;11,3;13,2;11,6;8,3;7,7;24.552;59,86;36,90;0,29;0,72;0,02;1,18;1,04;2,17;97,83;;;
31660;20,8;10,4;13,7;13,3;16,2;12,3;7,3;6,1;51.599;84,18;6,06;7,36;0,42;0,02;0,75;1,21;2,92;97,08;;;
31820;22,4;7,3;10,9;12,2;16,7;13,6;8,3;8,5;81.442;93,81;0,54;0,55;2,52;0,01;1,31;1,25;3,15;96,85;;;
31920;23,2;7,1;10,5;11,2;15,0;14,5;10,5;8,1;42.750;88,48;1,79;0,68;0,47;0,04;6,68;1,86;20,24;79,76;;;
31940;20,7;7,2;9,8;11,0;16,7;15,1;10,3;9,3;65.778;96,46;0,27;1,35;0,44;0,03;0,35;1,10;1,22;98,78;;;
31980;21,7;13,3;10,1;11,4;14,4;12,9;8,7;7,6;70.061;88,22;6,98;0,33;0,59;0,02;1,43;2,43;3,59;96,41;;;
32020;22,1;8,9;12,6;13,3;15,7;13,1;7,5;6,7;66.501;91,07;5,72;0,17;0,50;0,05;0,78;1,70;2,26;97,74;;;
32060;22,1;8,5;12,8;12,7;14,7;12,9;9,0;7,3;66.357;92,74;3,83;0,37;0,85;0,01;0,55;1,65;1,96;98,04;;;
32100;18,7;14,7;12,1;10,9;14,7;14,3;7,7;7,0;67.077;93,79;1,70;1,73;0,57;0,02;0,18;2,01;1,14;98,86;;;
32140;24,2;13,4;13,2;11,0;13,9;10,7;6,2;7,4;25.857;90,34;2,27;0,44;2,63;0,03;2,74;1,55;5,96;94,04;;;
32180;23,1;11,7;11,7;11,1;14,1;12,5;7,9;7,9;23.370;86,16;5,28;0,32;0,53;0,68;4,63;2,40;8,24;91,76;;;
32220;25,9;9,2;12,2;12,0;14,8;12,6;7,6;5,7;65.631;68,60;21,94;0,68;0,52;0,05;6,52;1,70;11,05;88,95;;;
32260;25,3;8,3;11,4;11,3;14,1;13,1;8,0;8,5;40.648;88,74;1,67;0,46;1,32;0,12;5,65;2,04;17,26;82,74;;;
32270;22,7;7,5;11,0;12,0;16,4;13,2;8,4;8,7;74.749;95,05;0,53;0,79;1,76;0,01;0,79;1,07;2,25;97,75;;;
32280;20,1;17,3;10,7;11,4;13,1;12,1;8,2;7,1;35.021;88,87;7,81;0,29;1,05;0,02;0,57;1,38;2,00;98,00;;;
32300;20,7;7,3;10,0;12,7;15,8;13,9;10,8;8,8;67.972;68,25;26,56;0,18;0,54;0,01;2,83;1,63;4,56;95,44;;;
32340;18,2;27,4;11,0;9,2;11,4;9,6;6,5;6,6;23.370;94,49;2,42;0,19;1,62;0,01;0,33;0,93;1,29;98,71;;;
32380;21,7;8,1;11,1;11,0;16,0;14,1;8,5;9,5;51.749;95,46;1,17;0,20;0,77;0,02;0,86;1,51;3,56;96,44;;;
32460;24,4;8,0;11,7;12,3;14,3;12,8;9,0;7,6;37.121;90,43;4,33;0,25;0,33;0,05;2,78;1,83;5,65;94,35;;;
32500;24,1;7,8;11,1;13,6;15,1;13,3;8,5;6,4;31.360;94,11;3,69;0,20;0,35;0,00;0,40;1,25;1,04;98,96;;;
32540;22,1;8,0;12,6;11,9;14,4;13,5;9,7;7,8;45.837;73,62;3,33;13,77;0,41;0,04;1,26;7,57;3,90;96,10;;;
32620;26,0;8,5;11,7;11,6;14,2;12,9;8,3;6,8;53.535;49,16;49,01;0,26;0,46;0,02;0,38;0,71;1,12;98,88;;;
32660;24,3;7,7;12,2;13,5;14,5;12,6;8,6;6,5;39.839;89,49;2,87;0,27;0,48;0,03;5,22;1,64;8,09;91,91;;;
32700;23,5;8,7;11,0;10,6;15,1;12,7;8,1;10,2;29.180;95,14;1,01;0,38;0,50;0,07;1,19;1,71;3,51;96,49;;;
32740;22,4;9,4;10,3;12,3;15,0;14,0;8,8;7,7;88.765;96,26;1,74;0,18;0,45;0,02;0,19;1,14;0,93;99,07;;;
32860;20,7;19,6;11,4;11,3;13,4;11,5;6,3;5,9;43.857;94,73;0,50;0,38;2,61;0,03;0,52;1,23;1,43;98,57;;;
32940;24,8;9,6;12,4;12,4;13,9;12,3;7,8;6,8;107.449;54,34;43,16;0,58;0,58;0,03;0,53;0,78;1,52;98,48;;;
32980;21,9;6,3;9,7;12,4;17,7;13,6;9,5;8,8;28.743;97,17;0,55;0,35;0,43;0,03;0,46;1,02;1,18;98,82;;;
33020;24,9;8,1;12,7;12,2;14,1;11,9;7,9;8,1;25.529;89,82;6,45;0,36;0,45;0,03;1,17;1,72;2,60;97,40;;;
33060;24,7;9,8;11,2;11,6;13,3;12,4;9,1;7,9;31.848;68,98;0,77;18,86;0,50;0,94;2,37;7,58;4,71;95,29;;;
33180;21,7;8,9;11,6;13,3;15,0;13,8;9,2;6,5;28.691;95,55;2,24;0,17;0,27;0,05;0,19;1,52;0,69;99,31;;;
33220;23,7;9,2;10,7;12,7;16,2;12,5;7,7;7,1;83.629;94,54;1,21;0,44;1,86;0,06;0,39;1,51;2,04;97,96;;;
33300;20,1;16,8;12,3;11,5;14,3;12,4;7,5;5,2;55.149;49,72;47,05;0,24;1,14;0,04;0,70;1,11;1,92;98,08;;;
33380;23,6;8,5;11,7;11,9;14,7;12,9;9,1;7,6;41.207;64,23;33,55;0,36;0,29;0,02;0,38;1,17;1,63;98,37;;;
33420;25,0;7,9;10,9;11,6;15,0;13,2;9,6;6,7;28.111;87,14;2,21;0,72;0,48;0,05;7,60;1,80;17,73;82,27;;;
33500;23,3;12,9;14,8;11,2;13,2;10,8;6,7;7,2;69.540;91,19;2,23;2,40;0,87;0,12;0,65;2,54;2,84;97,16;;;
33580;24,8;10,3;12,2;10,7;13,8;11,6;7,5;9,0;22.835;95,06;0,36;2,19;0,46;0,06;0,46;1,41;1,35;98,65;;;
33620;23,1;9,4;13,7;13,2;14,7;11,7;7,4;6,8;25.414;91,02;5,86;0,29;0,42;0,01;0,29;2,11;1,63;98,37;;;
33820;24,3;6,5;11,2;13,3;16,5;13,3;7,5;7,4;36.842;96,61;0,38;0,18;0,54;0,03;1,33;0,94;2,80;97,20;;;
33940;24,7;6,5;10,8;11,6;14,6;14,0;9,8;8,0;41.276;86,74;0,39;1,08;0,62;0,06;8,68;2,42;19,69;80,31;;;
33980;18,9;7,2;10,8;12,0;16,0;16,1;11,1;7,9;66.469;89,28;6,08;0,48;0,87;0,10;1,22;1,97;3,37;96,63;;;
34020;25,4;9,4;12,4;12,4;15,8;11,7;7,5;5,4;54.650;59,30;32,51;1,82;1,73;0,05;2,62;1,97;5,34;94,66;;;
34140;18,7;25,4;14,0;9,7;11,3;10,5;5,8;4,6;37.244;92,79;0,79;0,64;2,10;0,14;1,01;2,55;3,56;96,44;;;
34180;30,5;10,0;13,1;12,0;12,1;10,4;6,6;5,3;89.120;72,83;1,11;1,22;0,91;0,08;20,37;3,48;38,33;61,67;;;
34220;27,7;9,6;13,0;13,2;12,8;10,9;7,3;5,6;45.498;64,71;22,44;0,48;0,65;0,04;10,26;1,42;17,06;82,94;;;
34260;18,1;5,9;8,7;9,8;13,6;15,8;15,4;12,7;41.513;96,91;0,16;0,56;0,41;0,04;0,46;1,45;1,66;98,34;;;
34300;28,4;12,8;15,7;11,7;12,4;9,0;5,9;4,2;27.038;82,15;2,71;1,00;2,84;0,39;6,77;4,14;15,23;84,77;;;
34340;23,4;7,5;10,7;13,8;14,8;13,3;9,2;7,5;73.673;88,13;3,73;0,30;0,47;0,02;5,99;1,36;9,71;90,29;;;
34380;18,0;31,9;11,4;9,1;10,8;9,2;5,3;4,4;70.311;89,17;2,38;3,43;1,63;0,03;0,58;2,77;3,12;96,88;;;
34420;30,6;9,8;12,8;13,0;12,2;10,1;6,4;5,1;32.334;67,57;9,56;1,09;0,73;0,05;18,66;2,33;39,58;60,42;;;
34460;24,4;8,0;12,4;13,9;14,6;13,0;8,0;5,7;44.396;95,27;2,25;0,19;0,24;0,03;0,88;1,14;1,96;98,04;;;
34500;22,3;8,2;12,2;12,5;14,6;13,4;8,9;7,9;47.284;90,14;6,94;0,22;0,56;0,02;0,68;1,44;1,91;98,09;;;
34540;24,1;11,8;10,6;11,8;14,5;12,5;8,0;6,8;60.921;96,74;0,81;0,20;0,57;0,03;0,43;1,22;1,21;98,79;;;
34660;18,0;20,9;11,9;10,3;12,1;11,5;8,6;6,5;37.191;91,98;3,74;0,23;1,77;0,03;0,75;1,50;2,39;97,61;;;
34700;26,1;7,8;12,0;12,6;15,1;12,5;7,3;6,6;54.132;89,29;1,23;0,31;0,83;0,04;6,48;1,82;15,89;84,11;;;
34780;24,7;9,3;13,0;11,9;14,1;12,4;7,9;6,8;70.990;59,82;11,31;17,47;0,56;0,03;2,58;8,23;5,20;94,80;;;
34860;23,3;20,1;12,3;10,3;11,7;10,4;6,4;5,4;64.524;68,58;18,18;0,57;1,24;0,04;9,40;2,00;17,60;82,40;;;
35020;23,4;8,4;12,7;11,7;15,2;13,2;8,1;7,2;53.119;48,48;48,57;0,32;0,33;0,02;1,11;1,18;4,44;95,56;;;
35060;24,3;15,4;12,2;10,7;12,2;11,8;7,4;6,1;39.566;54,32;41,35;0,95;0,34;0,03;0,87;2,14;1,86;98,14;;;
35100;22,7;11,2;12,6;11,0;13,6;12,8;9,0;7,1;126.802;70,08;22,96;0,50;1,72;0,12;2,14;2,48;5,59;94,41;;;
35140;22,8;10,0;11,2;12,3;14,3;13,6;9,0;6,9;37.508;62,12;31,00;0,35;0,33;0,09;4,95;1,16;7,17;92,83;;;
35220;22,3;7,8;11,4;13,6;15,5;13,3;8,7;7,4;49.462;95,73;2,16;0,15;0,32;0,01;0,44;1,19;1,40;98,60;;;
35260;21,2;8,2;10,3;12,0;15,4;14,0;8,8;10,0;91.108;93,83;3,84;0,08;0,41;0,01;0,22;1,62;1,02;98,98;;;
35340;27,1;9,5;12,7;12,2;15,0;11,3;6,8;5,4;73.240;62,19;32,00;0,37;2,39;0,03;1,47;1,55;3,14;96,86;;;
35420;23,7;7,6;11,5;12,2;15,1;13,4;8,4;8,0;92.582;96,56;0,78;0,25;0,31;0,19;0,69;1,22;1,91;98,09;;;
35460;21,5;7,5;10,7;13,2;15,6;14,8;10,2;6,6;35.662;95,09;1,88;0,38;0,31;0,07;0,59;1,69;1,76;98,24;;;
35500;22,8;7,0;11,9;12,8;16,0;12,9;8,3;8,2;36.842;96,73;1,28;0,28;0,44;0,02;0,36;0,88;1,46;98,54;;;
35580;22,0;9,1;10,6;10,5;15,9;13,0;8,2;10,7;25.893;97,50;0,24;0,08;0,59;0,01;0,88;0,71;3,32;96,68;;;
35700;30,7;8,5;10,1;12,1;13,6;11,9;7,8;5,3;47.420;73,46;0,38;0,69;0,54;0,03;22,89;2,01;82,82;17,18;;;
35740;25,5;9,2;12,0;11,0;15,5;11,8;7,1;8,0;48.271;90,56;1,03;0,92;0,38;0,03;5,59;1,49;10,11;89,89;;;
35820;25,1;7,7;12,1;11,7;14,3;13,4;7,8;7,8;37.590;94,46;0,70;0,59;0,53;0,02;2,27;1,42;6,96;93,04;;;
35860;26,4;8,2;10,9;14,3;15,2;12,3;7,9;4,8;28.525;96,80;0,76;0,11;0,22;0,00;0,96;1,17;2,00;98,00;;;
35900;22,4;7,2;10,7;13,3;15,6;13,9;9,8;7,2;69.340;90,60;4,08;0,19;0,43;0,03;3,33;1,33;5,44;94,56;;;
35940;26,3;7,8;11,8;13,0;15,1;12,5;7,4;6,2;59.626;94,85;1,03;0,21;0,29;0,02;1,98;1,61;5,59;94,41;;;
36020;20,8;8,8;11,6;10,8;14,0;15,7;10,8;7,6;78.506;86,12;2,19;0,84;4,38;0,50;1,50;4,47;5,47;94,53;;;
36060;20,5;7,8;11,6;12,7;15,0;15,4;8,9;8,1;46.039;93,46;4,61;0,20;0,20;0,01;0,18;1,34;0,87;99,13;;;
36180;18,3;6,7;9,1;11,2;15,5;15,9;13,2;10,1;51.454;82,00;13,65;0,28;1,11;0,02;1,23;1,70;3,15;96,85;;;
36300;21,3;15,0;11,2;11,9;14,4;12,4;7,5;6,4;111.944;93,85;2,16;1,01;0,97;0,03;0,60;1,37;1,92;98,08;;;
36340;21,5;7,3;10,3;11,8;16,3;14,9;9,3;8,7;54.984;97,10;1,04;0,15;0,36;0,02;0,20;1,13;0,87;99,13;;;
36380;24,0;9,1;12,6;12,4;13,5;11,4;9,8;7,2;39.996;77,53;8,01;0,95;0,88;0,07;10,68;1,88;23,90;76,10;;;
36460;23,4;9,6;10,6;11,8;15,4;13,7;8,1;7,3;80.317;92,93;1,27;3,04;0,66;0,02;0,38;1,70;1,67;98,33;;;
36580;18,7;16,2;9,2;10,8;14,8;13,8;8,8;7,8;62.259;94,66;1,71;0,19;1,08;0,03;0,66;1,66;3,09;96,91;;;
36620;26,9;9,0;12,4;12,1;13,1;11,4;8,4;6,8;53.936;82,18;0,78;1,15;1,33;0,09;11,62;2,86;24,53;75,47;;;
36660;27,2;8,9;12,0;11,6;14,6;12,0;7,7;6,1;83.384;55,90;41,31;0,33;0,39;0,01;0,79;1,27;1,58;98,42;;;
36700;23,2;12,4;11,3;11,0;14,0;13,3;8,6;6,3;92.501;34,35;62,20;0,53;0,81;0,02;0,91;1,18;1,91;98,09;;;
36820;24,3;9,7;11,7;11,5;14,4;12,3;7,7;8,4;22.381;95,74;1,13;0,27;1,14;0,02;0,60;1,10;1,61;98,39;;;
36860;23,0;7,9;11,5;12,2;15,6;13,0;8,3;8,5;154.908;93,56;1,57;0,25;0,65;0,01;2,56;1,40;7,80;92,20;;;
36900;22,8;9,6;12,1;11,7;14,5;12,9;8,0;8,5;35.625;92,08;1,35;0,49;0,71;0,13;3,68;1,55;9,08;90,92;;;
36940;26,4;7,1;12,3;13,0;14,9;11,9;7,1;7,3;36.576;93,06;2,77;0,24;0,77;0,02;1,75;1,39;6,24;93,76;;;
37020;24,1;8,5;10,8;13,1;16,1;13,1;7,9;6,4;70.648;96,70;0,46;0,50;0,36;0,04;0,49;1,45;2,40;97,60;;;
37060;18,5;26,9;14,0;10,3;10,7;9,2;5,8;4,7;47.351;71,75;23,66;0,26;2,12;0,05;1,13;1,04;2,27;97,73;;;
37140;22,3;7,3;11,4;12,5;15,3;13,9;9,1;8,1;98.762;88,01;8,49;0,26;0,61;0,02;0,61;2,00;1,91;98,09;;;
37220;20,7;6,2;8,1;10,0;15,2;16,3;15,1;8,3;43.946;85,91;1,99;1,60;1,30;0,48;5,17;3,55;13,58;86,42;;;
37260;22,6;8,2;10,4;10,7;14,8;14,4;10,7;8,2;74.364;77,28;16,18;0,48;0,61;0,07;3,64;1,74;9,02;90,98;;;
37300;19,6;8,0;15,8;16,3;16,1;11,6;7,2;5,4;58.458;66,09;21,06;0,44;0,50;0,04;10,18;1,70;15,89;84,11;;;
37420;24,7;7,6;12,9;12,8;14,3;11,6;8,3;7,8;23.464;81,97;4,68;0,87;0,40;0,00;9,68;2,40;23,18;76,82;;;
37500;25,2;8,7;12,4;13,5;14,1;11,9;8,2;6,2;42.090;96,41;0,55;0,50;0,26;0,02;0,93;1,34;2,14;97,86;;;
37540;21,7;6,9;10,3;12,0;14,8;14,6;11,4;8,3;32.330;89,16;8,04;0,31;0,29;0,02;0,58;1,60;1,71;98,29;;;
37580;24,3;9,1;11,1;12,6;14,0;12,3;9,3;7,3;49.793;79,31;13,46;1,41;0,62;0,02;2,49;2,69;6,47;93,53;;;
37660;24,4;8,9;10,8;11,4;15,1;12,9;8,4;8,2;21.607;88,05;4,67;2,16;0,36;0,02;0,71;4,04;4,05;95,95;;;
37740;21,4;7,0;8,4;9,6;14,0;16,3;13,5;9,7;53.597;76,80;0,43;14,83;0,51;0,09;5,35;2,00;17,89;82,11;;;
37780;22,8;11,3;15,4;14,7;14,2;9,5;6,5;5,5;13.783;77,23;5,01;0,46;0,86;0,04;14,85;1,54;74,24;25,76;;;
37800;25,1;10,2;10,8;11,8;14,6;11,9;7,9;7,7;33.309;96,68;0,68;0,18;1,14;0,02;0,27;1,04;1,59;98,41;;;
37820;26,9;9,1;13,0;12,7;13,4;12,2;7,0;5,7;87.062;78,88;0,80;3,22;0,88;0,13;13,07;3,02;24,81;75,19;;;
37940;22,7;8,3;12,7;14,2;15,2;12,9;7,6;6,3;36.903;91,80;4,53;0,91;0,35;0,02;0,61;1,78;2,46;97,54;;;
38020;17,5;7,6;11,0;10,9;15,5;17,1;11,2;9,2;55.365;87,19;2,06;1,88;1,03;0,14;4,04;3,65;10,69;89,31;;;
38100;24,6;9,3;11,4;12,6;14,3;13,2;8,8;5,8;55.834;84,04;12,31;0,56;0,41;0,06;0,88;1,74;2,93;97,07;;;
38180;23,8;6,9;13,1;12,6;15,9;14,0;7,4;6,4;19.988;86,37;0,47;9,88;0,48;0,01;0,44;2,37;1,64;98,36;;;
38200;24,6;9,0;12,1;12,6;15,5;12,8;7,7;5,7;23.421;66,76;30,49;0,57;0,25;0,05;0,99;0,89;2,13;97,87;;;
38260;22,3;17,4;12,8;10,5;12,3;10,8;6,9;7,0;39.134;91,19;2,01;0,90;1,22;0,20;1,87;2,62;4,50;95,50;;;
38380;28,8;11,2;13,2;12,3;12,8;9,5;6,2;6,0;36.273;70,77;5,31;0,96;0,39;0,06;19,57;2,94;55,88;44,12;;;
38420;21,3;17,0;10,5;10,2;13,8;11,7;7,6;7,9;51.208;96,97;1,15;0,20;0,61;0,01;0,43;0,63;1,27;98,73;;;
38460;19,3;13,5;12,4;13,0;16,3;12,2;7,2;6,2;82.128;92,53;3,91;0,35;1,09;0,02;0,66;1,44;2,50;97,50;;;
38500;26,9;8,0;11,1;12,5;14,6;12,2;7,5;7,2;47.051;93,52;0,47;0,25;0,46;0,01;3,77;1,53;8,44;91,56;;;
38580;22,8;8,0;11,7;12,1;15,5;13,4;9,4;7,1;58.258;96,14;1,69;0,27;0,39;0,02;0,18;1,30;0,68;99,32;;;
38620;25,3;8,5;11,8;10,7;14,0;12,7;8,7;8,3;46.562;80,18;2,07;9,63;0,50;0,03;2,56;5,03;6,43;93,57;;;
38700;22,5;8,3;12,3;12,5;16,2;12,4;7,9;7,9;38.950;91,79;4,92;0,17;0,51;0,00;1,33;1,28;3,93;96,07;;;
38740;23,3;8,3;11,7;12,1;14,6;13,1;9,2;7,8;42.794;90,81;5,27;0,55;0,66;0,04;0,52;2,16;1,56;98,44;;;
38780;26,6;16,5;13,0;10,7;11,5;9,8;6,4;5,5;19.846;76,85;1,83;1,27;0,88;0,03;15,94;3,19;39,87;60,13;;;
38820;18,2;7,3;9,9;9,7;14,0;16,9;12,9;11,2;71.404;86,96;0,83;5,08;1,41;0,13;1,78;3,80;5,08;94,92;;;
39020;22,8;9,8;12,6;12,8;14,1;12,5;8,4;7,1;79.499;94,40;2,68;0,55;0,31;0,01;0,33;1,72;1,12;98,88;;;
39060;20,1;7,3;11,5;13,7;15,6;13,7;8,7;9,4;148.289;94,42;2,68;0,14;0,48;0,02;1,27;1,00;2,75;97,25;;;
39220;26,7;10,5;13,5;10,3;13,0;12,5;7,1;6,5;21.403;92,31;0,43;1,18;0,58;0,11;3,03;2,36;12,42;87,58;;;
39260;21,9;6,1;10,2;11,0;14,7;16,1;12,1;8,0;20.978;92,67;0,17;1,44;0,46;0,05;3,19;2,01;6,97;93,03;;;
39420;15,1;36,4;13,3;8,2;9,4;8,1;5,0;4,5;44.776;84,57;1,67;0,69;7,75;0,23;1,45;3,64;4,56;95,44;;;
39500;23,1;9,3;11,4;11,7;14,6;12,4;8,4;8,9;77.314;93,78;3,43;0,18;0,60;0,02;0,38;1,60;1,21;98,79;;;
39700;26,8;12,3;15,1;12,7;11,7;9,7;6,3;5,4;22.134;85,82;2,14;0,28;0,63;0,03;9,25;1,84;87,18;12,82;;;
39780;25,5;8,4;11,2;11,5;14,6;13,0;9,0;6,9;63.463;81,50;0,64;2,59;1,03;0,12;9,86;4,26;21,91;78,09;;;
39860;23,7;7,0;11,5;11,8;16,2;13,4;8,1;8,4;46.183;94,59;0,96;1,15;0,59;0,04;1,11;1,56;2,91;97,09;;;
39940;27,4;28,9;13,8;7,6;8,1;6,4;4,3;3,5;50.778;92,74;0,45;0,38;0,75;0,13;4,07;1,48;7,70;92,30;;;
39980;23,0;9,3;11,4;12,4;14,7;12,7;8,6;7,9;68.917;90,17;4,96;0,25;0,76;0,07;1,14;2,65;2,62;97,38;;;
40080;21,8;15,2;13,1;13,1;13,6;11,3;6,9;5,0;99.972;92,73;3,63;0,30;0,77;0,03;0,72;1,81;1,92;98,08;;;
40100;33,9;10,8;12,8;13,0;10,7;8,4;6,0;4,4;60.968;96,09;0,11;0,13;0,22;0,00;2,97;0,48;95,68;4,32;;;
40180;25,5;8,8;12,1;11,2;14,3;13,7;8,1;6,4;40.123;74,30;0,25;21,18;0,39;0,02;1,03;2,82;5,64;94,36;;;
40260;22,4;8,2;10,4;11,9;15,6;14,3;9,3;7,8;76.790;39,79;54,70;2,83;0,52;0,03;0,99;1,14;1,90;98,10;;;
40300;24,8;7,7;10,5;13,1;16,3;12,5;8,3;6,8;53.497;93,21;0,90;0,21;0,47;0,03;3,77;1,42;8,86;91,14;;;
40460;24,4;9,1;11,7;13,2;14,1;13,1;8,1;6,2;46.639;60,19;30,59;2,52;0,92;0,06;3,65;2,08;5,88;94,12;;;
40500;19,4;6,3;10,1;12,5;16,2;16,4;10,0;9,1;39.736;97,09;0,50;0,35;0,46;0,01;0,19;1,39;0,85;99,15;;;
40540;27,1;9,9;16,0;12,1;14,8;11,8;4,9;3,4;43.806;88,45;1,00;0,97;0,77;0,10;6,39;2,33;15,27;84,73;;;
40620;21,7;17,2;12,3;10,6;13,6;11,0;7,3;6,3;45.156;91,70;2,23;0,56;2,91;0,07;0,37;2,15;2,04;97,96;;;
40700;20,5;7,5;10,0;10,5;14,5;15,9;11,3;9,6;107.667;92,39;0,29;1,81;0,97;0,11;1,19;3,24;4,70;95,30;;;
40740;28,0;10,1;12,1;11,1;13,1;11,3;7,2;6,9;65.645;70,86;2,02;1,24;0,63;0,08;21,93;3,24;52,01;47,99;;;
40760;19,0;6,0;8,6;9,9;16,0;18,5;13,7;8,2;20.497;85,08;0,47;2,39;0,37;0,05;9,17;2,48;29,81;70,19;;;
40780;23,9;13,0;12,0;12,2;13,6;11,4;7,7;6,0;83.939;88,75;2,49;0,74;1,06;0,04;4,82;2,09;10,00;90,00;;;
40820;21,1;20,5;13,4;10,1;11,6;10,6;6,9;5,8;63.009;58,50;37,74;0,25;1,30;0,06;1,05;1,10;2,22;97,78;;;
40860;19,3;9,8;9,9;12,0;16,9;15,5;9,0;7,6;61.642;97,06;0,54;0,24;0,60;0,02;0,24;1,30;1,10;98,90;;;
40940;28,6;11,3;13,9;12,1;12,4;10,2;6,4;5,2;45.657;73,02;1,69;12,20;0,54;0,12;9,42;3,00;33,64;66,36;;;
41220;27,0;13,0;14,4;13,0;13,7;9,9;6,0;3,0;50.513;74,35;19,40;0,51;1,43;0,15;1,12;3,03;5,13;94,87;;;
41260;20,8;6,0;9,5;13,6;17,1;14,0;9,4;9,6;31.946;98,51;0,28;0,11;0,30;0,02;0,13;0,66;0,57;99,43;;;
41460;25,1;8,9;12,4;12,0;14,7;12,2;7,5;7,2;61.697;88,47;3,02;0,52;1,89;0,04;3,16;2,90;8,95;91,05;;;
41580;23,8;9,0;12,0;13,3;14,9;12,5;7,8;6,6;138.428;76,52;16,18;0,34;1,00;0,04;4,33;1,60;7,69;92,31;;;
41820;25,7;8,4;13,0;13,3;14,1;11,8;7,5;6,2;57.866;66,86;19,99;0,70;0,85;0,03;9,13;2,44;18,28;81,72;;;
42300;20,1;11,0;12,9;13,6;15,2;12,5;8,1;6,5;38.520;72,27;6,51;15,75;0,60;0,06;0,17;4,64;1,25;98,75;;;
42380;22,7;7,2;10,2;12,1;15,9;14,1;9,7;8,1;62.622;97,47;0,50;0,25;0,54;0,01;0,21;1,03;1,12;98,88;;;
42420;24,7;8,7;12,0;10,8;13,9;13,1;8,1;8,8;37.660;87,54;0,54;2,08;0,58;0,05;7,28;1,93;20,74;79,26;;;
42460;22,5;7,8;11,1;13,3;15,0;13,8;10,0;6,5;53.227;90,83;3,35;1,35;0,35;0,09;1,44;2,59;2,52;97,48;;;
42500;24,0;8,5;11,7;14,1;15,4;12,8;8,0;5,4;24.181;97,87;0,24;0,19;0,45;0,06;0,46;0,74;1,46;98,54;;;
42580;20,4;7,3;10,5;11,3;14,4;15,3;12,3;8,5;197.145;78,96;12,74;0,79;0,99;0,08;4,14;2,30;8,60;91,40;;;
42620;23,9;12,8;12,1;12,4;13,7;11,0;7,9;6,2;77.076;91,37;3,99;0,58;0,54;0,05;1,63;1,83;3,74;96,26;;;
42700;18,2;6,6;8,7;9,0;11,9;13,5;16,6;15,6;98.786;80,95;9,38;0,48;1,46;0,05;5,47;2,22;17,37;82,63;;;
42740;25,6;9,4;12,7;11,7;14,5;11,4;7,4;7,3;42.201;89,66;3,00;0,42;0,60;0,07;4,00;2,25;7,22;92,78;;;
42780;22,4;12,5;10,3;12,4;14,3;12,6;8,3;7,2;39.702;96,91;1,08;0,13;0,54;0,02;0,50;0,82;1,65;98,35;;;
42820;26,5;9,2;11,4;11,5;14,9;12,6;8,1;6,0;43.820;29,14;69,43;0,19;0,34;0,03;0,19;0,68;0,71;99,29;;;
42860;21,1;8,4;10,4;12,1;14,3;14,7;11,4;7,6;74.273;87,75;7,56;0,24;0,59;0,01;2,27;1,58;4,51;95,49;;;
42900;21,3;9,4;11,9;12,5;15,6;13,7;8,0;7,5;35.251;92,45;4,56;0,30;0,69;0,01;0,68;1,31;2,70;97,30;;;
42940;22,1;8,3;11,6;13,5;15,2;13,8;9,5;6,0;89.889;93,69;0,79;0,38;0,86;0,02;2,91;1,34;5,33;94,67;;;
42980;24,6;7,7;12,9;13,5;15,0;12,0;7,8;6,5;42.376;94,50;0,67;0,21;0,85;0,06;2,40;1,31;5,69;94,31;;;
43060;25,0;10,2;12,3;12,3;14,1;11,8;8,2;6,1;69.442;76,28;2,90;12,90;0,55;0,06;0,98;6,32;4,14;95,86;;;
43140;23,4;9,1;10,6;13,4;15,0;13,4;8,5;6,4;98.078;75,58;20,73;0,24;0,77;0,02;1,15;1,51;2,81;97,19;;;
43180;26,8;8,5;12,9;13,7;13,7;11,4;7,7;5,3;45.058;81,78;7,91;0,37;0,78;0,10;6,99;2,07;11,28;88,72;;;
43220;20,4;7,6;11,4;11,5;15,1;15,8;10,8;7,5;60.699;86,13;1,09;3,69;1,20;0,37;3,38;4,14;7,98;92,02;;;
43260;22,3;7,9;11,7;11,5;15,5;15,6;8,5;7,1;29.116;95,42;0,37;1,23;0,66;0,08;0,72;1,52;3,48;96,52;;;
43320;29,8;9,5;11,1;11,0;13,4;12,0;8,3;5,0;107.449;49,30;0,87;43,38;0,54;0,07;3,37;2,46;10,77;89,23;;;
43380;27,3;7,6;11,5;13,2;15,3;12,3;6,9;6,0;49.423;94,68;1,89;0,16;0,86;0,10;0,46;1,86;1,34;98,66;;;
43420;23,0;9,2;12,5;11,2;13,4;13,4;10,1;7,2;131.346;78,48;4,16;1,21;1,92;0,32;9,89;4,02;32,39;67,61;;;
43460;25,1;8,3;11,9;12,5;14,6;12,6;8,4;6,6;39.191;85,75;11,40;0,21;0,34;0,03;0,65;1,62;1,80;98,20;;;
43500;21,9;7,7;9,8;9,6;13,4;16,3;11,9;9,5;29.514;84,90;0,86;1,36;0,42;0,07;9,61;2,77;48,29;51,71;;;
43540;17,4;10,0;20,1;16,7;15,3;12,8;6,1;1,7;27.994;89,67;0,82;0,31;0,99;0,07;6,58;1,55;14,25;85,75;;;
43660;25,0;9,7;13,3;12,1;14,1;11,6;7,2;6,8;16.921;78,75;4,72;0,63;0,35;0,02;13,28;2,25;36,34;63,66;;;
43700;22,8;7,6;11,7;13,2;14,9;13,5;9,3;6,9;63.063;96,13;1,15;0,23;0,46;0,03;0,88;1,12;2,09;97,91;;;
43740;19,5;7,4;11,1;13,1;16,0;14,4;9,2;9,4;77.742;95,96;2,40;0,11;0,31;0,02;0,60;0,60;1,08;98,92;;;
43860;21,7;6,2;10,2;11,9;13,5;13,8;11,4;11,2;88.247;80,36;13,42;0,83;0,85;0,07;2,75;1,72;5,96;94,04;;;
43940;19,6;13,3;11,4;9,9;14,6;14,6;8,3;8,3;24.097;94,40;0,38;2,03;0,66;0,02;0,49;2,02;2,54;97,46;;;
43980;23,0;7,1;11,8;11,0;15,2;13,5;8,2;10,2;16.667;96,46;0,41;0,23;0,59;0,01;1,18;1,12;2,86;97,14;;;
44020;19,4;5,5;10,4;10,7;15,2;16,5;11,0;11,3;16.667;98,31;0,17;0,08;0,43;0,03;0,22;0,75;1,07;98,93;;;
44260;18,3;30,8;14,1;8,9;10,4;8,4;5,1;4,1;47.671;59,21;36,57;0,19;2,42;0,03;0,39;1,19;1,43;98,57;;;
44340;20,5;27,9;12,5;10,3;10,9;8,9;5,3;3,8;70.217;67,24;27,64;0,26;1,45;0,09;1,66;1,65;3,47;96,53;;;
44380;25,5;7,8;11,4;15,0;15,7;11,8;7,5;5,4;159.437;80,69;11,95;0,34;1,83;0,03;3,35;1,81;6,80;93,20;;;
44420;21,3;8,0;11,7;12,7;15,6;13,7;9,3;7,7;118.502;89,45;6,79;0,22;0,60;0,02;1,11;1,81;2,85;97,15;;;
44500;22,3;19,4;12,4;10,7;12,3;10,3;6,8;5,9;37.890;85,62;1,19;0,77;0,68;0,03;10,02;1,69;19,21;80,79;;;
44540;20,0;11,2;14,4;12,8;15,1;11,9;7,1;7,5;22.709;89,01;3,96;1,16;0,56;0,07;3,72;1,52;15,64;84,36;;;
44580;23,5;7,8;10,5;12,1;15,2;13,4;8,8;8,7;58.498;92,18;1,34;0,29;0,47;0,02;3,49;2,21;11,03;88,97;;;
44620;20,8;16,4;12,0;11,4;14,5;12,1;6,7;6,0;70.019;94,23;0,55;0,38;2,81;0,02;0,78;1,23;2,65;97,35;;;
44660;18,9;26,5;14,7;9,5;10,9;9,0;5,6;4,8;77.350;81,90;3,64;4,69;3,48;0,05;1,06;5,18;3,87;96,13;;;
44740;25,0;11,7;11,1;10,8;14,6;11,7;6,2;8,8;20.260;80,66;2,67;0,25;5,63;0,49;8,53;1,77;22,74;77,26;;;
44780;25,9;8,1;11,8;12,1;14,7;12,7;8,0;6,8;61.295;90,58;2,61;0,46;0,68;0,00;3,48;2,19;6,58;93,42;;;
44860;25,6;8,4;11,4;12,5;14,2;12,4;8,6;6,9;35.161;81,47;7,06;0,60;0,50;0,07;8,29;2,01;15,27;84,73;;;
44900;22,5;8,5;13,0;13,9;14,9;12,6;8,1;6,5;26.015;83,91;11,14;0,26;0,42;0,10;2,58;1,59;4,01;95,99;;;
44980;20,6;7,7;11,3;12,5;15,4;14,0;9,2;9,4;94.528;95,37;2,03;0,15;0,35;0,01;1,03;1,05;2,38;97,62;;;
45000;18,0;10,7;18,2;15,8;15,6;11,8;5,7;4,3;34.895;73,17;8,12;3,54;1,02;0,47;10,21;3,47;17,53;82,47;;;
45020;25,9;8,7;10,9;11,8;13,2;13,0;8,9;7,6;15.216;83,65;4,70;0,62;0,44;0,00;8,33;2,26;33,54;66,46;;;
45140;24,1;13,9;12,5;11,2;13,1;11,7;7,9;5,5;46.987;52,28;1,27;34,02;0,58;0,03;2,66;9,15;6,28;93,72;;;
45180;23,4;8,6;12,1;13,7;14,9;13,2;8,2;5,9;82.291;65,30;31,66;0,32;0,41;0,01;0,96;1,34;2,03;97,97;;;
45260;25,0;9,6;15,9;12,1;14,2;11,3;6,3;5,5;12.093;37,20;61,04;0,20;0,22;0,00;0,43;0,92;1,55;98,45;;;
45340;20,6;6,9;10,2;12,0;15,6;17,7;10,4;6,7;32.937;68,73;0,43;6,17;0,66;0,03;19,12;4,85;55,81;44,19;;;
45380;22,3;8,1;11,5;12,5;15,4;12,6;8,8;8,8;34.800;96,58;1,42;0,15;0,48;0,02;0,42;0,93;1,35;98,65;;;
45520;23,2;7,9;11,4;11,1;13,9;14,9;9,0;8,7;25.213;86,07;0,42;4,43;0,76;0,58;5,20;2,55;14,85;85,15;;;
45540;9,1;3,7;6,9;8,0;9,2;19,7;28,6;14,8;93.420;86,59;9,66;0,38;0,66;0,04;1,54;1,12;5,98;94,02;;;
45580;23,6;8,7;11,1;12,8;14,9;13,1;9,0;6,7;27.153;68,84;27,95;0,28;0,47;0,03;1,19;1,23;2,17;97,83;;;
45620;24,9;8,2;11,5;12,6;15,0;12,8;8,4;6,7;44.720;59,58;36,89;0,44;0,70;0,02;1,16;1,22;2,85;97,15;;;
45640;23,9;7,5;11,2;14,6;15,6;12,8;8,3;6,0;162.878;84,33;8,85;0,49;1,22;0,02;3,60;1,48;6,39;93,61;;;
45660;23,6;10,8;11,3;11,5;14,9;13,0;7,3;7,5;56.745;93,72;2,30;0,19;0,57;0,02;1,32;1,88;4,45;95,55;;;
45700;25,8;12,0;12,7;12,3;13,3;11,1;7,1;5,7;40.118;61,43;28,96;0,21;1,28;0,02;6,54;1,57;10,06;89,94;;;
45740;22,7;9,7;10,8;12,1;14,4;13,7;9,6;7,0;26.175;85,14;10,87;0,29;0,68;0,06;0,98;1,98;2,42;97,58;;;
45860;21,6;6,7;9,2;13,4;18,2;14,9;8,4;7,6;189.927;93,86;1,35;0,21;1,53;0,02;1,43;1,60;4,49;95,51;;;
45900;21,6;7,3;10,8;12,0;16,1;14,9;9,3;7,9;143.372;94,85;0,85;1,52;0,54;0,03;0,57;1,63;2,22;97,78;;;
45980;20,3;21,2;12,1;10,7;11,9;11,0;7,4;5,4;32.899;58,19;36,64;0,58;1,99;0,07;1,04;1,49;2,22;97,78;;;
46020;19,3;6,6;9,8;10,6;16,0;18,2;10,7;8,7;98.764;91,36;0,39;1,06;1,20;0,11;2,71;3,16;8,54;91,46;;;
46100;23,2;8,8;11,0;12,6;14,8;13,1;9,3;7,3;100.210;91,70;4,09;0,33;0,78;0,05;1,33;1,74;3,10;96,90;;;
46180;26,1;8,8;12,8;13,4;14,1;11,4;7,5;5,9;136.268;75,66;20,65;0,18;0,46;0,03;1,86;1,16;3,04;96,96;;;
46260;20,6;17,7;10,4;10,5;13,2;13,4;7,7;6,4;21.452;15,47;82,64;0,14;0,35;0,01;0,32;1,06;1,08;98,92;;;
46300;28,2;9,7;13,6;11,4;12,9;10,9;7,1;6,2;99.604;86,94;0,41;0,91;1,00;0,10;8,39;2,24;17,57;82,43;;;
46380;22,2;8,0;12,2;11,7;14,2;16,4;8,6;6,8;87.841;76,52;0,71;4,87;1,65;0,14;11,59;4,52;22,20;77,80;;;
46420;22,8;7,9;10,5;12,9;15,5;13,9;9,1;7,4;28.961;66,59;31,30;0,23;0,27;0,04;0,32;1,24;0,97;99,03;;;
46460;22,4;7,7;11,4;13,1;14,7;13,8;9,5;7,5;38.620;83,72;12,88;0,19;0,32;0,04;1,58;1,27;2,72;97,28;;;
46500;25,0;8,4;10,8;13,4;15,3;12,7;8,4;6,0;40.097;94,74;2,22;0,36;0,38;0,03;0,37;1,90;1,12;98,88;;;
46620;28,9;9,8;11,0;11,7;12,4;11,4;7,7;7,0;26.405;78,13;0,64;0,55;0,51;0,02;17,17;2,97;69,30;30,70;;;
46740;22,5;8,1;11,1;13,0;14,8;13,9;9,1;7,6;34.215;58,78;38,75;0,20;0,49;0,03;0,63;1,13;1,57;98,43;;;
46780;24,9;7,4;11,4;12,0;15,1;12,9;8,1;8,2;28.744;96,58;0,87;0,15;0,23;0,01;0,78;1,38;2,57;97,43;;;
46820;17,5;32,6;12,6;8,3;9,7;9,1;5,1;5,1;13.864;91,15;1,33;3,09;1,67;0,03;0,45;2,26;2,00;98,00;;;
46860;33,3;9,6;16,3;11,0;11,7;8,8;5,1;4,1;32.588;86,63;0,37;7,70;0,51;0,23;2,23;2,33;7,15;92,85;;;
46900;25,6;9,5;11,8;10,9;14,3;12,3;8,0;7,5;13.535;78,20;8,02;1,07;0,72;0,04;9,39;2,54;25,92;74,08;;;
46980;25,9;8,2;12,6;12,2;15,2;13,0;7,4;5,5;48.773;50,33;46,99;0,26;0,85;0,02;0,67;0,87;1,84;98,16;;;
47080;26,7;9,6;12,2;12,6;13,6;11,8;8,0;5,6;36.346;66,08;25,21;0,22;0,62;0,04;6,39;1,43;9,73;90,27;;;
47180;21,3;13,9;11,2;10,8;14,5;12,5;8,3;7,5;38.440;94,89;2,62;0,19;0,56;0,03;0,48;1,23;1,53;98,47;;;
47340;22,7;10,0;10,2;11,7;14,4;12,9;8,9;9,2;32.888;96,58;0,50;0,66;0,42;0,02;0,71;1,12;2,12;97,88;;;
47420;22,9;11,3;10,1;10,8;16,5;12,8;7,2;8,5;22.897;95,59;0,55;1,72;0,46;0,04;0,41;1,23;1,75;98,25;;;
47460;22,5;13,2;12,4;11,5;13,4;12,0;7,1;7,9;58.781;84,47;1,84;1,03;1,29;0,28;7,98;3,11;19,72;80,28;;;
47500;24,4;8,3;10,7;12,1;14,8;14,1;9,3;6,3;38.892;57,01;39,03;0,83;0,32;0,02;1,28;1,51;2,81;97,19;;;
47540;25,4;7,5;11,0;12,6;15,3;12,8;7,6;7,7;45.949;97,85;0,29;0,18;0,37;0,03;0,34;0,93;1,18;98,82;;;
47620;20,8;6,9;9,9;12,1;16,4;15,1;9,8;9,0;41.815;98,13;0,36;0,19;0,38;0,03;0,13;0,80;0,73;99,27;;;
47660;22,9;19,9;13,1;10,9;12,8;9,7;6,0;4,7;52.595;90,02;4,33;0,53;1,52;0,24;0,76;2,60;3,06;96,94;;;
47700;25,6;8,9;12,3;12,6;14,8;12,2;7,6;5,9;77.358;93,32;0,74;0,30;0,84;0,02;3,40;1,38;7,28;92,72;;;
47780;28,8;8,9;11,8;11,3;13,6;11,5;7,5;6,6;31.648;95,04;0,54;0,22;0,51;0,03;2,58;1,08;4,15;95,85;;;
47820;22,0;7,1;10,6;11,7;14,5;15,6;10,8;7,6;47.759;68,16;25,59;0,44;0,35;0,04;4,16;1,27;6,63;93,37;;;
47920;24,7;7,9;11,8;13,0;14,6;13,0;8,3;6,7;29.030;94,63;2,02;0,23;0,54;0,03;0,82;1,74;1,79;98,21;;;
47980;25,8;9,0;12,5;11,4;14,6;11,5;7,4;7,9;33.130;95,55;0,31;1,69;0,41;0,00;0,83;1,20;1,76;98,24;;;
48020;23,7;10,3;12,0;13,2;15,2;12,3;7,3;5,9;83.686;93,96;0,81;0,31;0,67;0,02;2,96;1,27;6,64;93,36;;;
48060;25,5;12,2;15,3;12,6;13,1;10,0;5,9;5,3;116.229;88,66;5,06;0,50;1,31;0,26;1,44;2,78;5,29;94,71;;;
48100;27,7;11,3;13,6;12,5;12,1;9,9;7,5;5,4;27.731;72,17;6,98;0,62;1,07;0,04;17,14;1,97;42,89;57,11;;;
48180;24,4;8,9;12,5;12,9;14,1;12,4;8,1;6,7;55.070;73,35;22,49;0,36;0,61;0,05;1,69;1,44;3,80;96,20;;;
48220;23,3;17,4;13,3;9,8;12,3;10,4;6,7;6,7;27.469;78,11;3,03;6,34;1,01;0,04;7,58;3,90;13,94;86,06;;;
48460;24,9;8,4;11,4;11,7;13,7;12,8;9,2;7,9;40.400;96,29;0,39;0,67;0,49;0,03;0,50;1,63;1,73;98,27;;;
48500;25,7;9,2;11,9;11,5;14,5;13,0;7,5;6,8;20.634;40,47;58,24;0,13;0,22;0,01;0,35;0,58;0,96;99,04;;;
48580;23,5;11,8;11,2;12,4;15,2;12,4;7,2;6,3;102.228;91,89;0,96;0,30;0,83;0,04;4,50;1,48;10,35;89,65;;;
48740;22,3;10,6;11,7;13,7;16,4;12,5;6,9;6,0;118.428;89,59;2,21;0,47;1,17;0,04;4,22;2,29;9,58;90,42;;;
48780;23,1;8,8;14,0;10,7;15,6;12,9;7,1;7,8;22.398;92,15;0,28;4,01;0,35;0,02;0,31;2,88;1,95;98,05;;;
48820;24,0;9,5;11,6;11,0;14,8;12,8;8,0;8,2;42.239;92,82;2,33;0,31;0,41;0,04;2,89;1,20;11,15;88,85;;;
48940;24,4;9,6;11,6;12,4;15,7;12,7;7,4;6,1;42.040;94,68;2,22;0,23;0,51;0,04;0,47;1,85;1,33;98,67;;;
48980;24,7;8,7;12,0;12,9;14,4;13,0;8,0;6,2;81.234;51,98;39,01;0,29;0,82;0,03;6,31;1,57;9,51;90,49;;;
49060;24,4;10,5;11,3;11,6;14,1;12,3;8,1;7,7;36.311;86,25;2,77;1,99;1,61;0,05;3,89;3,44;9,07;90,93;;;
49100;19,4;21,3;11,1;9,9;13,2;11,7;6,8;6,6;51.461;94,39;1,26;0,26;2,14;0,00;0,78;1,17;2,42;97,58;;;
49260;24,3;8,4;14,8;12,4;15,0;10,9;8,2;6,0;20.081;86,74;1,58;2,80;0,57;0,04;5,62;2,64;10,60;89,40;;;
49300;25,4;9,7;11,1;11,9;14,7;12,6;7,9;6,7;114.520;95,65;1,49;0,16;0,76;0,02;0,50;1,41;1,57;98,43;;;
49380;25,6;9,0;12,5;11,7;13,8;11,3;7,3;8,7;21.378;75,81;3,48;0,52;5,46;0,05;12,84;1,84;22,55;77,45;;;
49460;22,2;8,1;12,5;12,3;16,1;12,6;8,0;8,4;22.438;92,83;1,52;2,55;0,52;0,03;1,12;1,44;2,74;97,26;;;
49540;25,2;8,6;16,0;14,1;13,8;10,4;6,2;5,6;28.065;39,95;57,06;0,29;0,45;0,01;0,71;1,54;4,64;95,36;;;
49780;24,0;9,2;11,4;12,7;14,8;12,6;8,1;7,2;86.074;92,97;3,78;0,22;0,33;0,02;0,23;2,45;0,76;99,24;;;
10380;24,0;9,5;13,1;13,1;13,4;12,4;8,8;5,8;306.292;86,02;5,57;0,29;0,11;0,01;5,55;2,45;98,99;1,01;;;
21940;25,0;9,6;12,2;13,6;11,7;11,7;9,6;6,5;70.692;66,12;18,78;0,76;0,21;0,01;9,34;4,77;98,25;1,75;;;
25020;25,7;9,9;13,7;13,1;12,8;11,7;7,9;5,2;84.214;63,28;22,09;0,78;0,12;0,03;9,28;4,42;99,15;0,85;;;
32420;20,4;14,7;11,7;10,8;11,8;12,5;10,0;8,1;106.330;79,08;8,26;0,70;0,19;0,01;8,40;3,35;99,02;0,98;;;
38660;25,3;10,8;13,0;12,2;12,7;11,9;8,1;5,9;243.147;80,63;10,02;0,44;0,14;0,01;6,27;2,49;99,27;0,73;;;
41900;23,3;9,3;12,0;13,1;12,2;12,8;10,1;7,2;137.462;83,46;5,45;0,31;0,08;0,01;8,28;2,41;99,19;0,81;;;
41980;24,1;9,9;13,4;13,1;13,3;11,7;8,2;6,2;2.478.905;73,63;13,92;0,58;0,22;0,01;8,14;3,51;98,94;1,06;;;
49500;25,2;10,1;12,9;12,5;12,9;12,3;8,3;5,7;107.333;81,94;7,47;0,41;0,09;0,01;7,73;2,36;99,44;0,56;;;
10260;25,7;10,4;12,9;12,2;13,3;12,3;7,8;5,5;19.483;93,14;3,10;0,35;0,03;0,01;2,11;1,28;99,58;0,42;;;
17620;26,9;10,0;13,4;13,0;12,5;11,4;7,7;5,1;71.590;72,75;13,01;0,43;0,08;0,01;10,11;3,59;99,46;0,54;;;
27580;27,5;11,2;13,7;12,5;12,7;11,1;6,7;4,6;16.642;90,70;3,40;0,38;0,07;0,01;3,59;1,85;99,64;0,36;;;
42180;29,1;9,2;14,1;14,4;11,5;10,2;7,2;4,3;23.274;73,02;15,63;0,46;0,06;0,01;8,35;2,47;99,56;0,44;;;
46580;24,6;10,4;11,8;11,9;13,3;13,1;8,4;6,5;33.149;92,67;2,67;0,22;0,07;0,03;2,94;1,40;99,42;0,58;;;
