;;;;;;;;;;;
;;;;;;;;;;;
;;;;;;;;;;;
;;;;;;;;;;;
area;Geographic area;White;"Black or
African
American";"American
Indian
and
Alaska
Native";Asian;"Native
Hawaiian
and Other
Pacific
Islander";"Some
Other
Race";"Two or
More Races1";"Hispanic
or Latino";"Not
Hispanic
or Latino";"Non-
Hispanic
White
alone"
10180;Abilene, TX;79,58;7,37;0,66;1,34;0,08;8,03;2,95;21,25;78,75;68,22
10420;Akron, OH;83,25;12,06;0,19;2,02;0,02;0,43;2,03;1,53;98,47;82,36
10500;Albany, GA;44,54;52,15;0,23;0,94;0,09;0,86;1,19;2,08;97,92;43,75
10580;Albany-Schenectady-Troy, NY;84,90;7,74;0,24;3,12;0,03;1,52;2,46;4,14;95,86;82,86
10740;Albuquerque, NM;69,63;2,68;5,86;2,02;0,10;15,40;4,32;46,70;53,30;42,19
10780;Alexandria, LA;65,96;29,61;0,82;1,05;0,03;0,86;1,67;2,83;97,17;64,31
10900;Allentown-Bethlehem-Easton, PA-NJ;84,49;5,02;0,26;2,49;0,03;5,34;2,36;12,98;87,02;78,64
11020;Altoona, PA;96,18;1,68;0,11;0,56;0,02;0,23;1,22;0,97;99,03;95,60
11100;Amarillo, TX;79,80;6,11;0,76;2,61;0,04;8,07;2,60;25,26;74,74;64,38
11180;Ames, IA;88,61;2,45;0,18;6,01;0,02;1,03;1,70;3,01;96,99;86,90
11260;Anchorage, AK;70,38;4,49;7,36;6,48;1,61;1,97;7,72;6,66;93,34;67,35
11300;Anderson, IN;87,71;8,33;0,24;0,42;0,03;1,50;1,77;3,18;96,82;86,28
11340;Anderson, SC;80,06;16,04;0,26;0,75;0,02;1,34;1,53;2,91;97,09;78,75
11460;Ann Arbor, MI;74,50;12,69;0,34;7,86;0,04;1,21;3,36;4,02;95,98;72,12
11500;Anniston-Oxford, AL;74,92;20,56;0,46;0,71;0,08;1,60;1,67;3,28;96,72;73,61
11540;Appleton, WI;91,92;0,88;1,41;2,77;0,04;1,52;1,46;3,57;96,43;90,26
11700;Asheville, NC;89,33;4,54;0,41;0,88;0,12;2,86;1,86;6,38;93,62;86,25
12020;Athens-Clarke County, GA;71,43;19,50;0,21;3,19;0,05;3,75;1,88;7,95;92,05;67,79
12060;Atlanta-Sandy Springs-Marietta, GA;55,43;32,42;0,34;4,83;0,05;4,54;2,39;10,39;89,61;50,71
12100;Atlantic City-Hammonton, NJ;65,40;16,08;0,38;7,50;0,03;7,36;3,24;16,84;83,16;58,59
12220;Auburn-Opelika, AL;71,31;22,75;0,32;2,61;0,07;1,34;1,61;3,26;96,74;69,81
12260;Augusta-Richmond County, GA-SC;58,43;35,32;0,35;1,74;0,13;1,75;2,29;4,44;95,56;56,51
12420;Austin-Round Rock-San Marcos, TX;72,85;7,42;0,78;4,80;0,08;10,86;3,20;31,36;68,64;54,68
12540;Bakersfield-Delano, CA;59,52;5,83;1,51;4,15;0,15;24,33;4,51;49,19;50,81;38,56
12580;Baltimore-Towson, MD;62,15;28,74;0,31;4,53;0,05;1,72;2,50;4,57;95,43;60,00
12620;Bangor, ME;95,37;0,75;1,18;0,92;0,03;0,22;1,53;1,05;98,95;94,66
12700;Barnstable Town, MA;92,73;1,88;0,61;1,06;0,04;1,50;2,18;2,17;97,83;91,40
12940;Baton Rouge, LA;59,76;35,63;0,27;1,79;0,03;1,29;1,22;3,41;96,59;57,98
12980;Battle Creek, MI;82,20;10,92;0,61;1,60;0,04;1,55;3,08;4,54;95,46;79,81
13020;Bay City, MI;94,14;1,58;0,52;0,54;0,01;0,98;2,23;4,73;95,27;91,16
13140;Beaumont-Port Arthur, TX;64,71;24,56;0,52;2,50;0,03;5,85;1,83;12,87;87,13;58,78
13380;Bellingham, WA;85,42;0,96;2,83;3,52;0,24;3,27;3,76;7,83;92,17;81,87
13460;Bend, OR;92,16;0,36;0,92;0,94;0,13;2,96;2,53;7,43;92,57;88,42
13740;Billings, MT;91,12;0,61;3,77;0,61;0,07;1,14;2,67;4,52;95,48;88,66
13780;Binghamton, NY;89,78;3,97;0,19;2,95;0,04;0,82;2,25;2,97;97,03;88,26
13820;Birmingham-Hoover, AL;66,77;28,22;0,30;1,23;0,04;2,26;1,18;4,30;95,70;65,04
13900;Bismarck, ND;93,18;0,55;4,04;0,41;0,05;0,30;1,47;1,27;98,73;92,47
13980;Blacksburg-Christiansburg-Radford, VA;89,53;4,30;0,20;3,44;0,03;0,64;1,87;2,19;97,81;88,19
14020;Bloomington, IN;90,70;2,39;0,27;3,83;0,03;0,76;2,02;2,36;97,64;89,34
14060;Bloomington-Normal, IL;84,29;7,33;0,23;4,26;0,03;1,54;2,32;4,38;95,62;81,87
14260;Boise City-Nampa, ID;87,94;0,90;0,86;1,80;0,21;5,43;2,86;12,58;87,42;81,94
14460;Boston-Cambridge-Quincy, MA-NH;78,81;7,28;0,25;6,47;0,03;4,57;2,60;9,02;90,98;74,87
14500;Boulder, CO;87,21;0,86;0,62;4,12;0,06;4,46;2,68;13,33;86,67;79,35
14540;Bowling Green, KY;84,92;8,32;0,28;2,55;0,10;1,86;1,98;4,19;95,81;83,00
14740;Bremerton-Silverdale, WA;82,57;2,65;1,61;4,94;0,92;1,56;5,75;6,25;93,75;79,14
14860;Bridgeport-Stamford-Norwalk, CT;74,81;10,83;0,26;4,61;0,05;6,81;2,62;16,91;83,09;66,18
15180;Brownsville-Harlingen, TX;87,00;0,53;0,42;0,66;0,03;9,82;1,54;88,07;11,93;10,69
15260;Brunswick, GA;71,21;23,51;0,31;0,89;0,10;2,32;1,67;5,07;94,93;68,98
15380;Buffalo-Niagara Falls, NY;81,63;12,22;0,72;2,26;0,02;1,28;1,87;4,09;95,91;79,53
15500;Burlington, NC;71,08;18,77;0,67;1,22;0,04;6,15;2,08;11,01;88,99;67,30
15540;Burlington-South Burlington, VT;93,27;1,68;0,46;2,20;0,03;0,35;2,00;1,66;98,34;92,18
15940;Canton-Massillon, OH;89,36;7,09;0,26;0,70;0,02;0,44;2,14;1,53;98,47;88,41
15980;Cape Coral-Fort Myers, FL;82,99;8,25;0,35;1,37;0,06;4,90;2,08;18,31;81,69;70,96
16020;Cape Girardeau-Jackson, MO-IL;87,52;8,60;0,30;0,98;0,03;0,87;1,70;1,80;98,20;86,78
16180;Carson City, NV;81,06;1,91;2,36;2,14;0,18;9,42;2,93;21,31;78,69;70,71
16220;Casper, WY;92,80;0,88;1,04;0,68;0,05;2,16;2,40;6,93;93,07;89,05
16300;Cedar Rapids, IA;92,02;3,43;0,26;1,54;0,07;0,63;2,05;2,36;97,64;90,60
16580;Champaign-Urbana, IL;76,62;10,82;0,26;7,79;0,06;1,93;2,52;4,77;95,23;74,29
16620;Charleston, WV;92,27;4,85;0,20;0,81;0,02;0,24;1,61;0,83;99,17;91,77
16700;Charleston-North Charleston-Summerville, SC;65,57;27,69;0,46;1,63;0,09;2,47;2,09;5,37;94,63;63,23
16740;Charlotte-Gastonia-Rock Hill, NC-SC;65,13;23,95;0,49;3,15;0,06;4,98;2,24;9,83;90,17;61,21
16820;Charlottesville, VA;78,96;12,46;0,25;3,90;0,04;1,96;2,43;4,78;95,22;76,57
16860;Chattanooga, TN-GA;81,13;13,88;0,34;1,37;0,07;1,58;1,62;3,54;96,46;79,56
16940;Cheyenne, WY;88,52;2,45;0,96;1,06;0,15;3,79;3,06;13,06;86,94;80,80
16980;Chicago-Joliet-Naperville, IL-IN-WI;65,36;17,40;0,39;5,63;0,03;8,76;2,43;20,69;79,31;55,01
17020;Chico, CA;81,86;1,55;2,00;4,12;0,21;5,52;4,75;14,14;85,86;75,19
17140;Cincinnati-Middletown, OH-KY-IN;82,93;12,01;0,19;1,90;0,07;1,06;1,85;2,59;97,41;81,63
17300;Clarksville, TN-KY;73,23;18,27;0,56;1,64;0,36;2,11;3,83;6,83;93,17;69,87
17420;Cleveland, TN;91,36;3,69;0,34;0,74;0,05;2,11;1,71;4,23;95,77;89,69
17460;Cleveland-Elyria-Mentor, OH;74,06;20,05;0,20;1,95;0,02;1,70;2,03;4,72;95,28;71,73
17660;Coeur d'Alene, ID;94,48;0,30;1,29;0,69;0,09;0,75;2,40;3,80;96,20;92,03
17780;College Station-Bryan, TX;73,23;11,85;0,47;4,47;0,05;7,65;2,28;22,55;77,45;59,81
17820;Colorado Springs, CO;80,28;5,98;0,95;2,67;0,34;4,77;5,01;14,71;85,29;72,66
17860;Columbia, MO;83,30;9,05;0,39;3,57;0,06;0,87;2,76;2,90;97,10;81,56
17900;Columbia, SC;60,39;33,23;0,36;1,66;0,09;2,33;1,95;5,10;94,90;58,35
17980;Columbus, GA-AL;52,47;40,37;0,40;1,69;0,22;2,15;2,71;5,73;94,27;50,03
18020;Columbus, IN;89,62;1,85;0,27;3,43;0,06;3,19;1,58;6,20;93,80;87,01
18140;Columbus, OH;77,52;14,90;0,23;3,12;0,05;1,66;2,53;3,62;96,38;75,93
18580;Corpus Christi, TX;82,51;3,51;0,63;1,57;0,08;9,29;2,42;57,74;42,26;36,33
18700;Corvallis, OR;87,06;0,89;0,73;5,18;0,25;2,32;3,58;6,39;93,61;83,61
18880;Crestview-Fort Walton Beach-Destin, FL;81,06;9,29;0,59;2,95;0,20;1,99;3,93;6,80;93,20;77,15
19060;Cumberland, MD-WV;90,87;6,59;0,14;0,66;0,03;0,22;1,49;1,25;98,75;89,97
19100;Dallas-Fort Worth-Arlington, TX;65,31;15,10;0,68;5,36;0,10;10,64;2,82;27,50;72,50;50,25
19140;Dalton, GA;80,11;2,88;0,57;1,02;0,07;13,05;2,30;26,45;73,55;68,54
19180;Danville, IL;82,48;12,95;0,23;0,69;0,02;1,46;2,17;4,22;95,78;80,36
19260;Danville, VA;64,23;32,67;0,21;0,55;0,03;1,12;1,19;2,42;97,58;63,21
19340;Davenport-Moline-Rock Island, IA-IL;86,03;6,81;0,26;1,58;0,03;2,59;2,69;7,64;92,36;81,92
19380;Dayton, OH;79,96;14,95;0,23;1,83;0,03;0,70;2,29;2,05;97,95;78,83
19460;Decatur, AL;79,34;11,78;1,95;0,48;0,07;3,88;2,50;6,33;93,67;77,36
19500;Decatur, IL;79,31;16,27;0,20;1,01;0,03;0,68;2,49;1,87;98,13;78,38
19660;Deltona-Daytona Beach-Ormond Beach, FL;82,54;10,47;0,36;1,53;0,04;2,93;2,12;11,16;88,84;75,41
19740;Denver-Aurora-Broomfield, CO;77,96;5,63;0,99;3,70;0,12;8,03;3,58;22,45;77,55;65,80
19780;Des Moines-West Des Moines, IA;87,22;4,75;0,29;3,02;0,05;2,52;2,14;6,67;93,33;83,64
19820;Detroit-Warren-Livonia, MI;70,09;22,82;0,35;3,29;0,02;1,23;2,20;3,91;96,09;67,88
20020;Dothan, AL;72,81;23,11;0,50;0,65;0,04;1,28;1,61;2,96;97,04;71,52
20100;Dover, DE;67,77;23,97;0,64;2,04;0,06;1,99;3,53;5,76;94,24;65,24
20220;Dubuque, IA;94,06;2,65;0,19;0,94;0,31;0,55;1,30;1,93;98,07;92,88
20260;Duluth, MN-WI;92,61;1,33;2,66;0,83;0,03;0,21;2,34;1,21;98,79;91,89
20500;Durham-Chapel Hill, NC;59,28;27,07;0,50;4,39;0,05;6,33;2,39;11,28;88,72;55,30
20740;Eau Claire, WI;93,98;1,15;0,48;2,53;0,03;0,43;1,39;1,62;98,38;93,05
20940;El Centro, CA;58,76;3,31;1,75;1,63;0,09;30,03;4,42;80,37;19,63;13,71
21060;Elizabethtown, KY;82,10;10,62;0,48;1,78;0,30;1,41;3,31;4,78;95,22;79,54
21140;Elkhart-Goshen, IN;82,91;5,72;0,38;0,97;0,04;7,49;2,49;14,12;85,88;77,22
21300;Elmira, NY;88,68;6,56;0,26;1,19;0,02;0,62;2,67;2,52;97,48;87,41
21340;El Paso, TX;82,06;3,11;0,75;1,03;0,12;10,47;2,46;82,20;17,80;13,15
21500;Erie, PA;88,24;7,18;0,20;1,10;0,03;1,15;2,10;3,39;96,61;86,53
21660;Eugene-Springfield, OR;88,33;0,96;1,16;2,37;0,22;2,80;4,17;7,44;92,56;84,67
21780;Evansville, IN-KY;89,89;6,17;0,21;0,95;0,05;0,85;1,87;1,94;98,06;88,93
21820;Fairbanks, AK;77,04;4,53;7,05;2,66;0,41;1,48;6,84;5,79;94,21;74,05
22020;Fargo, ND-MN;91,96;2,05;1,26;2,10;0,03;0,64;1,97;2,43;97,57;90,51
22140;Farmington, NM;51,56;0,58;36,63;0,37;0,06;7,31;3,49;19,05;80,95;42,49
22180;Fayetteville, NC;50,59;36,26;2,63;2,07;0,37;3,46;4,63;9,83;90,17;46,37
22220;Fayetteville-Springdale-Rogers, AR-MO;81,91;1,94;1,51;2,38;1,09;8,45;2,73;14,92;85,08;76,27
22380;Flagstaff, AZ;61,72;1,21;27,31;1,37;0,12;5,20;3,06;13,51;86,49;55,22
22420;Flint, MI;74,54;20,70;0,53;0,91;0,02;0,71;2,59;3,05;96,95;72,73
22500;Florence, SC;55,20;41,39;0,32;0,91;0,02;1,05;1,11;2,03;97,97;54,53
22520;Florence-Muscle Shoals, AL;84,21;12,25;0,41;0,62;0,04;1,01;1,46;2,16;97,84;83,30
22540;Fond du Lac, WI;94,14;1,28;0,46;1,13;0,02;1,67;1,29;4,30;95,70;91,90
22660;Fort Collins-Loveland, CO;90,53;0,83;0,74;1,94;0,07;3,25;2,64;10,56;89,44;84,45
22900;Fort Smith, AR-OK;78,63;3,56;6,34;2,22;0,07;4,63;4,54;8,19;91,81;75,97
23060;Fort Wayne, IN;81,93;10,04;0,34;2,39;0,05;2,59;2,66;5,81;94,19;79,41
23420;Fresno, CA;55,37;5,32;1,68;9,60;0,15;23,33;4,54;50,31;49,69;32,73
23460;Gadsden, AL;80,27;15,13;0,43;0,64;0,16;1,89;1,48;3,30;96,70;79,28
23540;Gainesville, FL;70,97;19,37;0,32;5,03;0,06;1,68;2,57;8,17;91,83;65,22
23580;Gainesville, GA;74,13;7,39;0,45;1,80;0,09;13,94;2,20;26,10;73,90;63,61
24020;Glens Falls, NY;95,57;1,93;0,21;0,56;0,02;0,50;1,22;2,04;97,96;94,31
24140;Goldsboro, NC;58,83;31,40;0,39;1,17;0,05;5,86;2,30;9,92;90,08;55,63
24220;Grand Forks, ND-MN;91,26;1,66;2,14;1,53;0,04;1,07;2,30;3,73;96,27;89,14
24300;Grand Junction, CO;89,41;0,64;1,06;0,76;0,11;5,37;2,65;13,33;86,67;83,11
24340;Grand Rapids-Wyoming, MI;83,07;8,06;0,52;1,90;0,04;3,76;2,66;8,43;91,57;79,48
24500;Great Falls, MT;89,25;1,24;4,29;0,84;0,11;0,65;3,62;3,33;96,67;87,42
24540;Greeley, CO;82,90;0,98;1,11;1,20;0,09;10,79;2,94;28,35;71,65;67,57
24580;Green Bay, WI;88,42;1,84;2,37;2,25;0,04;3,13;1,95;6,19;93,81;86,07
24660;Greensboro-High Point, NC;65,01;25,52;0,54;2,91;0,05;3,85;2,13;7,55;92,45;62,06
24780;Greenville, NC;58,00;34,42;0,39;1,42;0,05;3,77;1,95;6,47;93,53;55,97
24860;Greenville-Mauldin-Easley, SC;76,25;16,69;0,28;1,72;0,05;3,28;1,74;6,75;93,25;73,32
25060;Gulfport-Biloxi, MS;73,62;19,26;0,47;2,33;0,12;1,74;2,45;4,67;95,33;71,33
25180;Hagerstown-Martinsburg, MD-WV;86,95;8,05;0,24;1,11;0,04;1,10;2,52;3,44;96,56;85,11
25260;Hanford-Corcoran, CA;54,27;7,20;1,67;3,67;0,18;28,11;4,90;50,90;49,10;35,22
25420;Harrisburg-Carlisle, PA;82,56;10,23;0,18;2,88;0,03;1,76;2,36;4,70;95,30;80,50
25500;Harrisonburg, VA;87,48;3,50;0,27;1,74;0,06;4,89;2,06;9,38;90,62;83,87
25540;Hartford-West Hartford-East Hartford, CT;76,89;10,88;0,24;3,90;0,03;5,57;2,48;12,47;87,53;71,60
25620;Hattiesburg, MS;68,13;28,29;0,24;0,82;0,05;1,24;1,23;2,77;97,23;66,91
25860;Hickory-Lenoir-Morganton, NC;85,12;6,89;0,32;2,55;0,11;3,30;1,71;6,31;93,69;82,65
25980;Hinesville-Fort Stewart, GA;49,93;39,08;0,58;1,75;0,57;3,66;4,43;10,19;89,81;45,66
26100;Holland-Grand Haven, MI;90,08;1,47;0,43;2,55;0,03;3,41;2,02;8,63;91,37;85,73
26180;Honolulu, HI;20,85;2,02;0,26;43,89;9,53;1,10;22,35;8,12;91,88;19,06
26300;Hot Springs, AR;86,40;7,93;0,61;0,72;0,05;1,98;2,31;4,81;95,19;83,96
26380;Houma-Bayou Cane-Thibodaux, LA;74,47;16,28;4,35;0,89;0,04;2,00;1,97;3,88;96,12;72,95
26420;Houston-Sugar Land-Baytown, TX;60,22;17,25;0,64;6,54;0,06;12,27;3,02;35,30;64,70;39,69
26580;Huntington-Ashland, WV-KY-OH;94,81;2,71;0,23;0,58;0,02;0,24;1,43;0,94;99,06;94,19
26620;Huntsville, AL;70,59;21,74;0,74;2,20;0,10;2,30;2,33;4,79;95,21;68,62
26820;Idaho Falls, ID;90,70;0,49;0,76;0,74;0,08;5,25;1,97;11,16;88,84;85,75
26900;Indianapolis-Carmel, IN;77,02;15,00;0,27;2,25;0,04;3,23;2,18;6,16;93,84;74,60
26980;Iowa City, IA;87,08;4,23;0,22;4,52;0,04;1,75;2,15;4,81;95,19;84,46
27060;Ithaca, NY;82,65;3,96;0,35;8,60;0,04;1,16;3,24;4,20;95,80;80,24
27100;Jackson, MI;87,68;7,95;0,37;0,71;0,02;0,76;2,51;3,02;96,98;85,86
27140;Jackson, MS;49,06;47,68;0,17;1,05;0,04;1,10;0,91;2,11;97,89;48,33
27180;Jackson, TN;63,46;32,23;0,22;0,85;0,03;1,72;1,49;3,16;96,84;62,29
27260;Jacksonville, FL;69,89;21,77;0,39;3,43;0,09;1,82;2,62;6,90;93,10;65,77
27340;Jacksonville, NC;74,02;15,57;0,70;1,89;0,27;3,19;4,36;10,07;89,93;68,94
27500;Janesville, WI;87,64;4,98;0,32;1,02;0,02;3,71;2,31;7,56;92,44;84,53
27620;Jefferson City, MO;88,82;7,44;0,36;0,86;0,05;0,78;1,68;2,12;97,88;87,72
27740;Johnson City, TN;93,35;2,82;0,27;0,84;0,02;1,17;1,51;2,63;97,37;92,14
27780;Johnstown, PA;94,10;3,63;0,10;0,51;0,02;0,41;1,22;1,40;98,60;93,31
27860;Jonesboro, AR;82,97;11,91;0,33;0,93;0,03;2,16;1,67;3,98;96,02;81,50
27900;Joplin, MO;88,60;1,54;1,78;1,10;0,46;3,38;3,15;6,02;93,98;86,59
28020;Kalamazoo-Portage, MI;82,91;9,30;0,53;1,69;0,03;2,39;3,15;5,42;94,58;80,55
28100;Kankakee-Bradley, IL;77,56;15,15;0,25;0,93;0,03;3,97;2,12;8,96;91,04;73,35
28140;Kansas City, MO-KS;78,45;12,50;0,51;2,27;0,16;3,34;2,76;8,19;91,81;74,43
28420;Kennewick-Pasco-Richland, WA;75,66;1,46;0,83;2,42;0,14;16,06;3,43;28,70;71,30;64,83
28660;Killeen-Temple-Fort Hood, TX;64,24;19,56;0,82;2,56;0,77;7,14;4,91;20,34;79,66;54,01
28700;Kingsport-Bristol-Bristol, TN-VA;95,69;1,91;0,24;0,49;0,02;0,52;1,13;1,35;98,65;94,97
28740;Kingston, NY;86,68;6,02;0,33;1,70;0,02;2,49;2,77;8,72;91,28;81,70
28940;Knoxville, TN;88,52;6,42;0,30;1,44;0,07;1,47;1,78;3,42;96,58;86,85
29020;Kokomo, IN;90,02;5,78;0,31;0,82;0,03;0,82;2,23;2,58;97,42;88,61
29100;La Crosse, WI-MN;92,85;1,28;0,39;3,61;0,02;0,29;1,55;1,40;98,60;91,95
29140;Lafayette, IN;85,82;3,47;0,25;5,34;0,03;3,08;2,02;6,98;93,02;82,43
29180;Lafayette, LA;68,69;26,71;0,35;1,36;0,03;1,28;1,58;3,53;96,47;66,78
29340;Lake Charles, LA;71,67;24,00;0,47;1,04;0,05;0,89;1,88;2,55;97,45;70,22
29420;Lake Havasu City-Kingman, AZ;86,86;0,94;2,25;1,05;0,17;5,99;2,74;14,77;85,23;79,61
29460;Lakeland-Winter Haven, FL;75,21;14,75;0,45;1,62;0,06;5,46;2,45;17,69;82,31;64,57
29540;Lancaster, PA;88,59;3,66;0,23;1,90;0,03;3,62;1,96;8,65;91,35;84,89
29620;Lansing-East Lansing, MI;81,57;8,92;0,51;3,78;0,03;1,88;3,31;6,16;93,84;78,28
29700;Laredo, TX;87,97;0,45;0,40;0,58;0,01;9,10;1,47;95,74;4,26;3,33
29740;Las Cruces, NM;74,07;1,75;1,50;1,06;0,09;18,49;3,03;65,72;34,28;30,11
29820;Las Vegas-Paradise, NV;60,89;10,47;0,74;8,65;0,70;13,45;5,09;29,14;70,86;47,97
29940;Lawrence, KS;84,52;3,93;2,66;3,74;0,06;1,34;3,75;5,10;94,90;81,69
30020;Lawton, OK;64,46;17,46;5,86;2,24;0,55;2,96;6,47;11,20;88,80;58,92
30140;Lebanon, PA;91,01;2,16;0,19;1,15;0,03;3,87;1,60;9,29;90,71;86,85
30300;Lewiston, ID-WA;91,61;0,34;4,12;0,65;0,12;0,70;2,46;2,88;97,12;90,10
30340;Lewiston-Auburn, ME;92,79;3,65;0,38;0,72;0,03;0,42;2,00;1,55;98,45;91,86
30460;Lexington-Fayette, KY;81,41;10,82;0,24;2,28;0,04;2,98;2,22;5,88;94,12;78,97
30620;Lima, OH;83,78;11,89;0,19;0,70;0,01;0,79;2,63;2,36;97,64;82,49
30700;Lincoln, NE;87,68;3,30;0,73;3,32;0,05;2,25;2,67;5,61;94,39;85,01
30780;Little Rock-North Little Rock-Conway, AR;71,55;22,16;0,47;1,47;0,05;2,40;1,89;4,80;95,20;69,60
30860;Logan, UT-ID;89,65;0,58;0,59;1,70;0,35;5,25;1,87;9,61;90,39;86,12
30980;Longview, TX;71,79;17,37;0,60;0,80;0,04;7,24;2,17;14,11;85,89;66,01
31020;Longview, WA;88,93;0,63;1,53;1,46;0,23;3,49;3,73;7,79;92,21;85,76
31100;Los Angeles-Long Beach-Santa Ana, CA;52,75;7,07;0,71;14,69;0,28;20,08;4,42;44,44;55,56;31,62
31140;Louisville/Jefferson County, KY-IN;80,77;13,72;0,25;1,57;0,06;1,61;2,03;3,93;96,07;78,85
31180;Lubbock, TX;77,33;7,43;0,73;2,02;0,07;9,97;2,45;32,33;67,67;57,02
31340;Lynchburg, VA;78,24;17,52;0,36;1,33;0,03;0,77;1,76;2,07;97,93;77,13
31420;Macon, GA;52,56;43,45;0,24;1,28;0,06;1,08;1,33;2,44;97,56;51,56
31460;Madera-Chowchilla, CA;62,61;3,73;2,74;1,86;0,11;24,78;4,18;53,69;46,31;38,03
31540;Madison, WI;86,39;4,60;0,36;4,13;0,04;2,22;2,27;5,40;94,60;83,72
31700;Manchester-Nashua, NH;90,38;2,07;0,24;3,23;0,03;2,07;1,98;5,30;94,70;87,65
31740;Manhattan, KS;80,38;8,72;0,74;3,34;0,33;2,21;4,28;7,73;92,27;76,21
31860;Mankato-North Mankato, MN;93,10;2,49;0,29;1,74;0,02;0,82;1,54;2,91;97,09;91,31
31900;Mansfield, OH;87,46;9,41;0,19;0,65;0,03;0,35;1,91;1,39;98,61;86,54
32580;McAllen-Edinburg-Mission, TX;87,98;0,59;0,33;0,97;0,01;8,79;1,32;90,63;9,37;7,82
32780;Medford, OR;88,66;0,68;1,17;1,16;0,29;4,53;3,50;10,70;89,30;83,67
32820;Memphis, TN-MS-AR;47,92;45,67;0,26;1,86;0,05;2,84;1,40;4,97;95,03;46,23
32900;Merced, CA;58,01;3,88;1,36;7,36;0,23;24,50;4,66;54,92;45,08;31,90
33100;Miami-Fort Lauderdale-Pompano Beach, FL;70,34;21,01;0,29;2,26;0,04;3,54;2,52;41,56;58,44;34,83
33140;Michigan City-La Porte, IN;84,14;10,77;0,27;0,52;0,02;2,00;2,28;5,47;94,53;81,36
33260;Midland, TX;76,93;6,64;0,74;1,25;0,04;12,00;2,39;37,70;62,30;53,20
33340;Milwaukee-Waukesha-West Allis, WI;73,72;16,78;0,55;2,96;0,03;3,66;2,30;9,48;90,52;68,97
33460;Minneapolis-St. Paul-Bloomington, MN-WI;81,00;7,42;0,69;5,73;0,04;2,35;2,77;5,37;94,63;78,61
33540;Missoula, MT;92,70;0,41;2,63;1,13;0,10;0,44;2,60;2,62;97,38;91,02
33660;Mobile, AL;60,21;34,62;0,89;1,83;0,05;0,94;1,46;2,41;97,59;59,06
33700;Modesto, CA;65,57;2,86;1,15;5,07;0,66;19,28;5,40;41,92;58,08;46,73
33740;Monroe, LA;61,53;35,36;0,25;0,84;0,04;0,89;1,09;2,10;97,90;60,63
33780;Monroe, MI;94,38;2,13;0,31;0,55;0,02;0,84;1,77;3,07;96,93;92,49
33860;Montgomery, AL;52,55;42,54;0,30;1,56;0,07;1,65;1,33;3,16;96,84;51,41
34060;Morgantown, WV;92,68;2,97;0,16;2,30;0,04;0,32;1,51;1,48;98,52;91,63
34100;Morristown, TN;91,29;2,70;0,31;0,51;0,06;3,54;1,58;6,49;93,51;88,82
34580;Mount Vernon-Anacortes, WA;83,36;0,66;2,15;1,78;0,19;8,66;3,20;16,86;83,14;76,73
34620;Muncie, IN;89,12;6,92;0,26;0,97;0,05;0,57;2,10;1,77;98,23;88,14
34740;Muskegon-Norton Shores, MI;79,96;14,45;0,82;0,55;0,02;1,37;2,84;4,80;95,20;77,32
34820;Myrtle Beach-North Myrtle Beach-Conway, SC;79,87;13,44;0,47;1,05;0,11;3,11;1,95;6,20;93,80;77,28
34900;Napa, CA;71,46;1,95;0,78;6,76;0,27;14,70;4,09;32,25;67,75;56,39
34940;Naples-Marco Island, FL;83,85;6,56;0,35;1,09;0,04;6,20;1,92;25,87;74,13;65,67
34980;Nashville-Davidson--Murfreesboro--Franklin, TN;76,86;15,24;0,33;2,28;0,05;3,19;2,05;6,63;93,37;73,97
35300;New Haven-Milford, CT;74,75;12,74;0,29;3,51;0,04;6,03;2,64;15,04;84,96;67,52
35380;New Orleans-Metairie-Kenner, LA;58,21;34,00;0,44;2,72;0,04;2,64;1,93;7,87;92,13;53,85
35620;New York-Northern New Jersey-Long Island, NY-NJ-PA;59,15;17,79;0,49;9,94;0,05;9,34;3,24;22,90;77,10;48,86
35660;Niles-Benton Harbor, MI;78,31;15,33;0,53;1,56;0,08;1,80;2,39;4,50;95,50;76,13
35840;North Port-Bradenton-Sarasota, FL;86,35;6,56;0,28;1,45;0,05;3,53;1,78;11,10;88,90;79,59
35980;Norwich-New London, CT;82,18;5,85;0,91;4,15;0,07;3,18;3,66;8,47;91,53;78,31
36100;Ocala, FL;80,98;12,32;0,40;1,33;0,04;2,87;2,06;10,91;89,09;73,99
36140;Ocean City, NJ;89,83;4,69;0,21;0,86;0,04;2,47;1,91;6,22;93,78;86,90
36220;Odessa, TX;76,32;4,48;0,99;0,79;0,09;14,86;2,48;52,75;47,25;41,06
36260;Ogden-Clearfield, UT;88,14;1,25;0,61;1,53;0,45;5,24;2,78;11,82;88,18;82,75
36420;Oklahoma City, OK;71,89;10,42;4,09;2,81;0,09;5,54;5,16;11,34;88,66;67,45
36500;Olympia, WA;82,40;2,68;1,39;5,17;0,78;2,24;5,35;7,05;92,95;78,89
36540;Omaha-Council Bluffs, NE-IA;82,52;7,86;0,60;2,08;0,07;4,29;2,58;8,96;91,04;78,72
36740;Orlando-Kissimmee-Sanford, FL;69,98;16,16;0,41;3,98;0,10;6,14;3,24;25,25;74,75;53,26
36780;Oshkosh-Neenah, WI;92,49;1,78;0,62;2,29;0,03;1,31;1,48;3,46;96,54;90,73
36980;Owensboro, KY;92,17;4,14;0,15;0,62;0,05;1,17;1,68;2,37;97,63;91,12
37100;Oxnard-Thousand Oaks-Ventura, CA;68,72;1,84;0,98;6,73;0,20;17,04;4,49;40,27;59,73;48,69
37340;Palm Bay-Melbourne-Titusville, FL;82,99;10,08;0,39;2,09;0,09;1,71;2,64;8,09;91,91;77,56
37380;Palm Coast, FL;82,25;11,37;0,28;2,14;0,06;1,61;2,28;8,62;91,38;76,14
37460;Panama City-Lynn Haven-Panama City Beach, FL;82,16;10,77;0,68;1,99;0,10;1,21;3,10;4,80;95,20;79,24
37620;Parkersburg-Marietta-Vienna, WV-OH;96,56;1,07;0,21;0,51;0,03;0,19;1,43;0,80;99,20;96,01
37700;Pascagoula, MS;74,58;19,64;0,39;1,89;0,05;1,71;1,74;4,21;95,79;72,53
37860;Pensacola-Ferry Pass-Brent, FL;75,26;17,04;0,88;2,44;0,14;1,16;3,09;4,58;95,42;72,52
37900;Peoria, IL;85,66;9,14;0,26;1,88;0,03;1,03;2,00;2,77;97,23;84,26
37980;Philadelphia-Camden-Wilmington, PA-NJ-DE-MD;68,20;20,82;0,27;4,96;0,04;3,39;2,33;7,85;92,15;64,97
38060;Phoenix-Mesa-Glendale, AZ;72,95;4,95;2,37;3,31;0,22;12,71;3,48;29,47;70,53;58,68
38220;Pine Bluff, AR;49,24;47,80;0,27;0,64;0,01;0,90;1,14;1,81;98,19;48,61
38300;Pittsburgh, PA;87,82;8,35;0,12;1,75;0,02;0,35;1,58;1,27;98,73;87,05
38340;Pittsfield, MA;92,50;2,72;0,19;1,23;0,02;1,19;2,14;3,45;96,55;90,63
38540;Pocatello, ID;88,54;0,71;3,09;1,23;0,22;3,58;2,64;8,73;91,27;84,64
38860;Portland-South Portland-Biddeford, ME;94,42;1,58;0,32;1,58;0,03;0,42;1,65;1,55;98,45;93,47
38900;Portland-Vancouver-Hillsboro, OR-WA;81,03;2,86;0,94;5,70;0,46;4,93;4,08;10,86;89,14;76,29
38940;Port St. Lucie, FL;77,11;14,35;0,46;1,39;0,06;4,36;2,27;15,06;84,94;67,80
39100;Poughkeepsie-Newburgh-Middletown, NY;78,50;10,06;0,39;2,88;0,03;5,22;2,91;14,69;85,31;71,02
39140;Prescott, AZ;89,33;0,60;1,68;0,85;0,10;4,90;2,54;13,61;86,39;81,96
39300;Providence-New Bedford-Fall River, RI-MA;83,81;4,87;0,51;2,54;0,05;5,14;3,07;10,22;89,78;79,52
39340;Provo-Orem, UT;89,52;0,54;0,60;1,34;0,74;4,57;2,69;10,66;89,34;84,35
39380;Pueblo, CO;79,36;2,03;1,92;0,79;0,10;12,12;3,68;41,37;58,63;54,10
39460;Punta Gorda, FL;90,05;5,68;0,26;1,20;0,04;1,10;1,67;5,76;94,24;86,03
39540;Racine, WI;79,70;11,14;0,40;1,09;0,03;5,14;2,51;11,54;88,46;74,42
39580;Raleigh-Cary, NC;67,48;20,19;0,51;4,41;0,04;4,98;2,39;10,13;89,87;63,41
39660;Rapid City, SD;85,26;1,08;8,19;0,96;0,08;0,80;3,63;3,81;96,19;83,39
39740;Reading, PA;83,16;4,90;0,31;1,31;0,03;7,80;2,49;16,37;83,63;76,90
39820;Redding, CA;86,74;0,87;2,79;2,48;0,15;2,54;4,42;8,40;91,60;82,41
39900;Reno-Sparks, NV;77,05;2,32;1,71;5,14;0,60;9,42;3,77;22,08;77,92;66,23
40060;Richmond, VA;61,97;29,84;0,44;3,12;0,06;2,30;2,27;5,03;94,97;59,95
40140;Riverside-San Bernardino-Ontario, CA;58,90;7,63;1,10;6,13;0,33;21,02;4,90;47,25;52,75;36,61
40220;Roanoke, VA;82,16;12,83;0,24;1,62;0,03;1,30;1,82;3,15;96,85;80,65
40340;Rochester, MN;88,11;3,77;0,24;4,30;0,04;1,57;1,97;4,08;95,92;85,93
40380;Rochester, NY;81,06;11,63;0,29;2,55;0,03;2,12;2,32;6,14;93,86;78,19
40420;Rockford, IL;78,52;10,64;0,33;2,15;0,03;5,55;2,79;12,35;87,65;72,96
40580;Rocky Mount, NC;49,51;44,68;0,54;0,56;0,02;3,28;1,40;5,33;94,67;47,99
40660;Rome, GA;76,89;14,16;0,36;1,30;0,12;5,31;1,87;9,33;90,67;73,67
40900;Sacramento--Arden-Arcade--Roseville, CA;64,67;7,37;1,01;11,91;0,74;8,39;5,92;20,18;79,82;55,72
40980;Saginaw-Saginaw Township North, MI;74,57;19,04;0,44;1,05;0,03;2,38;2,49;7,78;92,22;70,53
41060;St. Cloud, MN;92,34;2,86;0,33;1,80;0,03;1,07;1,56;2,55;97,45;91,15
41100;St. George, UT;89,72;0,57;1,35;0,71;0,78;4,57;2,29;9,76;90,24;85,64
41140;St. Joseph, MO-KS;90,23;5,05;0,46;0,66;0,16;1,35;2,09;4,20;95,80;87,89
41180;St. Louis, MO-IL;76,54;18,36;0,24;2,14;0,04;0,86;1,82;2,56;97,44;75,12
41420;Salem, OR;79,71;0,97;1,68;1,90;0,65;11,22;3,86;21,93;78,07;71,01
41500;Salinas, CA;55,59;3,08;1,32;6,09;0,50;28,29;5,15;55,41;44,59;32,87
41540;Salisbury, MD;65,46;28,01;0,26;2,12;0,04;1,79;2,33;4,27;95,73;63,55
41620;Salt Lake City, UT;81,99;1,51;0,88;3,10;1,43;8,03;3,07;16,62;83,38;74,90
41660;San Angelo, TX;81,86;3,98;0,79;1,00;0,09;9,45;2,83;35,52;64,48;58,08
41700;San Antonio-New Braunfels, TX;75,49;6,60;0,81;2,12;0,13;11,59;3,27;54,06;45,94;36,12
41740;San Diego-Carlsbad-San Marcos, CA;64,01;5,11;0,85;10,86;0,50;13,55;5,12;32,03;67,97;48,46
41780;Sandusky, OH;87,01;8,62;0,30;0,60;0,01;0,68;2,78;3,38;96,62;84,93
41860;San Francisco-Oakland-Fremont, CA;51,66;8,39;0,57;23,20;0,73;9,91;5,53;21,65;78,35;42,45
41940;San Jose-Sunnyvale-Santa Clara, CA;47,46;2,55;0,75;31,14;0,39;12,81;4,90;27,79;72,21;35,28
42020;San Luis Obispo-Paso Robles, CA;82,61;2,06;0,94;3,15;0,14;7,34;3,75;20,76;79,24;71,09
42060;Santa Barbara-Santa Maria-Goleta, CA;69,62;2,01;1,29;4,88;0,19;17,42;4,59;42,86;57,14;47,92
42100;Santa Cruz-Watsonville, CA;72,49;1,05;0,86;4,24;0,13;16,53;4,69;32,05;67,95;59,61
42140;Santa Fe, NM;76,16;0,86;3,11;1,16;0,07;15,07;3,56;50,65;49,35;43,90
42220;Santa Rosa-Petaluma, CA;76,76;1,57;1,34;3,79;0,32;11,77;4,44;24,89;75,11;66,14
42340;Savannah, GA;59,68;33,87;0,27;2,08;0,09;1,88;2,14;4,95;95,05;57,32
42540;Scranton--Wilkes-Barre, PA;91,51;2,91;0,17;1,22;0,02;2,67;1,50;5,79;94,21;89,17
42660;Seattle-Tacoma-Bellevue, WA;71,95;5,58;1,07;11,42;0,82;3,81;5,35;9,00;91,00;68,03
42680;Sebastian-Vero Beach, FL;84,29;8,98;0,30;1,21;0,04;3,56;1,63;11,20;88,80;77,36
43100;Sheboygan, WI;89,92;1,46;0,38;4,60;0,03;1,99;1,62;5,48;94,52;87,03
43300;Sherman-Denison, TX;83,86;5,86;1,52;0,87;0,03;5,18;2,68;11,32;88,68;78,68
43340;Shreveport-Bossier City, LA;56,40;38,93;0,49;1,17;0,08;1,28;1,66;3,47;96,53;54,70
43580;Sioux City, IA-NE-SD;83,23;2,25;2,04;2,22;0,12;7,30;2,84;15,56;84,44;76,46
43620;Sioux Falls, SD;90,22;2,96;1,98;1,31;0,06;1,44;2,03;3,39;96,61;88,67
43780;South Bend-Mishawaka, IN-MI;80,34;11,52;0,48;1,68;0,06;3,01;2,90;6,57;93,43;77,50
43900;Spartanburg, SC;72,34;20,60;0,27;2,02;0,03;3,06;1,67;5,86;94,14;70,06
44060;Spokane, WA;89,19;1,71;1,55;2,11;0,40;1,25;3,79;4,51;95,49;86,72
44100;Springfield, IL;84,45;11,14;0,20;1,55;0,02;0,52;2,12;1,71;98,29;83,41
44140;Springfield, MA;81,11;6,69;0,35;2,48;0,04;6,62;2,70;15,37;84,63;74,48
44180;Springfield, MO;92,96;2,05;0,67;1,18;0,09;0,79;2,26;2,65;97,35;91,46
44220;Springfield, OH;86,34;8,77;0,25;0,62;0,04;1,44;2,54;2,75;97,25;85,28
44300;State College, PA;89,37;3,01;0,12;5,19;0,03;0,74;1,53;2,40;97,60;87,95
44600;Steubenville-Weirton, OH-WV;93,85;3,91;0,13;0,38;0,02;0,20;1,52;1,00;99,00;93,13
44700;Stockton, CA;50,97;7,55;1,05;14,37;0,55;19,12;6,39;38,86;61,14;35,88
44940;Sumter, SC;48,23;46,92;0,36;1,11;0,09;1,41;1,89;3,29;96,71;46,92
45060;Syracuse, NY;85,46;8,08;0,73;2,38;0,03;0,97;2,35;3,43;96,57;83,77
45220;Tallahassee, FL;61,04;32,48;0,31;2,32;0,05;1,78;2,04;5,81;94,19;57,69
45300;Tampa-St. Petersburg-Clearwater, FL;78,81;11,83;0,36;2,91;0,07;3,41;2,61;16,25;83,75;67,53
45460;Terre Haute, IN;91,39;4,93;0,30;1,11;0,03;0,51;1,73;1,86;98,14;90,18
45500;Texarkana, TX-Texarkana, AR;69,67;24,30;0,73;0,69;0,05;2,57;2,00;5,22;94,78;67,66
45780;Toledo, OH;80,41;13,43;0,28;1,38;0,02;1,83;2,65;5,79;94,21;77,36
45820;Topeka, KS;84,31;6,64;1,53;0,95;0,06;2,86;3,65;8,81;91,19;79,75
45940;Trenton-Ewing, NJ;61,39;20,28;0,33;8,94;0,08;6,24;2,75;15,09;84,91;54,54
46060;Tucson, AZ;74,34;3,54;3,33;2,62;0,17;12,31;3,70;34,56;65,44;55,26
46140;Tulsa, OK;70,93;8,42;8,25;1,76;0,06;4,19;6,38;8,37;91,63;67,80
46220;Tuscaloosa, AL;62,36;33,85;0,26;1,07;0,05;1,40;1,02;2,81;97,19;61,23
46340;Tyler, TX;70,14;17,94;0,54;1,24;0,04;8,12;1,98;17,21;82,79;62,11
46540;Utica-Rome, NY;89,18;5,14;0,25;2,30;0,03;1,21;1,89;3,96;96,04;87,16
46660;Valdosta, GA;59,71;33,98;0,42;1,26;0,10;2,48;2,05;5,54;94,46;57,39
46700;Vallejo-Fairfield, CA;50,99;14,70;0,78;14,63;0,86;10,46;7,59;24,04;75,96;40,80
47020;Victoria, TX;80,15;5,56;0,57;1,61;0,03;9,73;2,35;43,76;56,24;48,27
47220;Vineland-Millville-Bridgeton, NJ;62,74;20,23;1,11;1,22;0,04;11,15;3,52;27,06;72,94;50,31
47260;Virginia Beach-Norfolk-Newport News, VA-NC;59,65;31,25;0,41;3,47;0,12;1,67;3,43;5,36;94,64;57,18
47300;Visalia-Porterville, CA;60,07;1,63;1,58;3,43;0,12;29,01;4,17;60,62;39,38;32,55
47380;Waco, TX;69,83;14,80;0,63;1,37;0,05;10,85;2,47;23,61;76,39;58,87
47580;Warner Robins, GA;63,35;28,59;0,34;2,43;0,13;2,40;2,75;6,09;93,91;60,55
47900;Washington-Arlington-Alexandria, DC-VA-MD-WV;54,80;25,77;0,41;9,27;0,07;6,00;3,68;13,81;86,19;48,57
47940;Waterloo-Cedar Falls, IA;88,24;7,07;0,19;1,14;0,13;1,27;1,97;3,14;96,86;86,77
48140;Wausau, WI;91,33;0,63;0,47;5,33;0,02;0,91;1,30;2,23;97,77;90,26
48300;Wenatchee-East Wenatchee, WA;79,41;0,33;1,00;0,79;0,14;15,63;2,71;26,81;73,19;69,69
48540;Wheeling, WV-OH;94,66;3,14;0,13;0,51;0,01;0,17;1,38;0,71;99,29;94,16
48620;Wichita, KS;79,68;7,71;1,11;3,40;0,08;4,38;3,65;11,57;88,43;73,79
48660;Wichita Falls, TX;79,35;9,19;1,04;1,79;0,07;5,82;2,74;15,20;84,80;71,46
48700;Williamsport, PA;92,65;4,48;0,19;0,58;0,02;0,36;1,72;1,34;98,66;91,90
48900;Wilmington, NC;79,83;14,21;0,57;0,88;0,05;2,55;1,91;5,37;94,63;77,56
49020;Winchester, VA-WV;87,78;4,89;0,29;1,27;0,04;3,67;2,06;7,36;92,64;84,70
49180;Winston-Salem, NC;69,63;20,29;0,39;1,45;0,05;6,23;1,96;10,31;89,69;66,50
49340;Worcester, MA;85,58;4,17;0,25;3,98;0,03;3,64;2,35;9,44;90,56;80,68
49420;Yakima, WA;63,75;0,95;4,34;1,05;0,08;26,07;3,74;45,01;54,99;47,70
49620;York-Hanover, PA;88,54;5,60;0,22;1,24;0,03;2,37;2,00;5,61;94,39;86,16
49660;Youngstown-Warren-Boardman, OH-PA;85,70;10,88;0,18;0,60;0,02;0,79;1,84;2,68;97,32;84,27
49700;Yuba City, CA;64,16;2,56;1,82;11,10;0,34;13,79;6,22;27,14;72,86;54,05
49740;Yuma, AZ;70,44;2,01;1,56;1,19;0,16;20,81;3,84;59,72;40,28;35,26
10020;Abbeville, LA;82,88;8,53;1,72;1,23;0,21;3,12;2,31;8,45;91,55;78,33
10100;Aberdeen, SD;80,90;14,29;0,36;2,00;0,01;1,04;1,40;2,38;97,62;79,84
10140;Aberdeen, WA;93,69;0,49;2,77;0,89;0,10;0,42;1,65;1,36;98,64;93,03
10220;Ada, OK;84,93;1,10;4,57;1,42;0,25;3,87;3,86;8,62;91,38;81,43
10300;Adrian, MI;71,18;2,41;17,37;0,65;0,05;1,13;7,21;4,06;95,94;69,28
10460;Alamogordo, NM;92,27;2,54;0,48;0,52;0,03;1,97;2,19;7,62;92,38;87,58
10540;Albany-Lebanon, OR;72,66;3,53;6,69;1,17;0,24;11,52;4,18;34,53;65,47;52,85
10620;Albemarle, NC;90,57;0,46;1,28;0,95;0,14;3,33;3,27;7,82;92,18;87,06
10660;Albert Lea, MN;83,56;10,94;0,33;1,85;0,07;2,10;1,16;3,58;96,42;82,33
10700;Albertville, AL;93,17;0,74;0,22;0,76;0,06;3,39;1,66;8,80;91,20;88,63
10760;Alexander City, AL;87,58;1,61;0,76;0,51;0,11;7,75;1,68;12,08;87,92;83,92
10820;Alexandria, MN;69,11;27,59;0,30;0,40;0,04;1,60;0,96;2,39;97,61;68,56
10860;Alice, TX;97,71;0,42;0,29;0,46;0,01;0,20;0,91;0,95;99,05;97,13
10880;Allegan, MI;87,22;0,58;0,66;0,37;0,02;9,53;1,61;78,98;21,02;19,74
10940;Alma, MI;92,91;1,22;0,57;0,58;0,02;2,77;1,93;6,69;93,31;89,71
10980;Alpena, MI;90,61;5,54;0,46;0,34;0,02;1,65;1,37;5,42;94,58;87,45
11060;Altus, OK;97,46;0,27;0,53;0,51;0,04;0,14;1,05;1,03;98,97;96,71
11140;Americus, GA;72,81;7,51;1,81;1,18;0,21;11,63;4,86;20,94;79,06;65,81
11220;Amsterdam, NY;46,29;48,03;0,29;1,21;0,06;3,00;1,13;4,96;95,04;45,01
11380;Andrews, TX;90,64;1,89;0,34;0,73;0,04;4,40;1,95;11,26;88,74;85,09
11420;Angola, IN;79,46;1,50;0,96;0,62;0,01;15,48;1,97;48,66;51,34;47,90
11580;Arcadia, FL;96,82;0,52;0,27;0,49;0,03;0,94;0,93;2,87;97,13;95,11
11620;ArdMore, OK;66,24;12,71;0,39;0,51;0,03;17,72;2,39;29,90;70,10;56,08
11660;Arkadelphia, AR;75,12;5,92;8,49;0,97;0,02;3,16;6,32;6,39;93,61;73,16
11740;Ashland, OH;71,83;23,54;0,43;0,52;0,02;2,16;1,50;4,03;95,97;70,35
11780;Ashtabula, OH;97,28;0,75;0,17;0,52;0,07;0,22;0,99;0,94;99,06;96,64
11820;Astoria, OR;92,65;3,53;0,24;0,37;0,02;1,07;2,11;3,39;96,61;90,77
11860;Atchison, KS;90,93;0,53;0,98;1,23;0,23;3,26;2,84;7,66;92,34;87,19
11900;Athens, OH;90,97;5,04;0,55;0,41;0,05;0,53;2,46;2,26;97,74;89,53
11940;Athens, TN;91,80;2,74;0,25;2,70;0,02;0,37;2,12;1,55;98,45;90,77
11980;Athens, TX;91,75;3,95;0,34;0,74;0,02;1,20;1,99;2,84;97,16;90,45
12140;Auburn, IN;85,82;6,22;0,55;0,42;0,04;5,13;1,82;10,81;89,19;80,85
12180;Auburn, NY;96,94;0,35;0,23;0,45;0,04;0,83;1,15;2,44;97,56;95,70
12300;Augusta-Waterville, ME;92,52;3,99;0,35;0,49;0,04;0,82;1,79;2,37;97,63;91,34
12380;Austin, MN;96,19;0,56;0,48;0,73;0,04;0,30;1,69;1,23;98,77;95,41
12460;Bainbridge, GA;90,63;2,09;0,25;1,66;0,10;3,41;1,86;10,57;89,43;84,20
12660;Baraboo, WI;54,22;41,08;0,42;0,52;0,02;2,52;1,21;5,04;94,96;52,49
12740;Barre, VT;94,53;0,58;1,24;0,54;0,02;1,87;1,22;4,32;95,68;92,51
12780;Bartlesville, OK;96,07;0,74;0,25;0,84;0,02;0,31;1,77;1,67;98,33;94,86
12820;Bastrop, LA;78,33;2,41;10,29;1,09;0,03;1,75;6,10;5,01;94,99;75,90
12860;Batavia, NY;51,27;46,94;0,13;0,36;0,05;0,27;0,98;0,91;99,09;50,93
12900;Batesville, AR;92,86;2,68;1,13;0,59;0,01;0,96;1,77;2,69;97,31;91,53
13060;Bay City, TX;91,93;1,97;0,49;0,76;0,11;3,21;1,53;5,84;94,16;89,81
13100;Beatrice, NE;71,21;11,44;0,70;1,96;0,02;12,34;2,32;38,35;61,65;47,41
13180;Beaver Dam, WI;96,86;0,32;0,48;0,39;0,01;0,60;1,34;1,73;98,27;96,06
13220;Beckley, WV;93,84;2,68;0,43;0,53;0,05;1,47;0,99;3,97;96,03;91,62
13260;Bedford, IN;88,51;8,20;0,25;0,91;0,03;0,37;1,73;1,26;98,74;87,81
13300;Beeville, TX;97,34;0,40;0,34;0,49;0,03;0,30;1,11;1,18;98,82;96,59
13340;Bellefontaine, OH;78,75;8,14;0,52;0,56;0,05;9,67;2,32;56,20;43,80;34,42
13420;Bemidji, MN;95,34;1,62;0,25;0,53;0,03;0,31;1,91;1,18;98,82;94,61
13500;Bennettsville, SC;75,06;0,59;20,26;0,70;0,04;0,25;3,10;1,52;98,48;74,40
13540;Bennington, VT;41,43;50,91;4,52;0,26;0,01;1,06;1,81;2,77;97,23;40,29
13620;Berlin, NH-VT;96,59;0,83;0,25;0,72;0,04;0,30;1,26;1,41;98,59;95,67
13660;Big Rapids, MI;97,01;0,42;0,42;0,48;0,00;0,26;1,41;1,17;98,83;96,28
13700;Big Spring, TX;93,68;2,52;0,63;0,65;0,03;0,35;2,14;1,71;98,29;92,60
13860;Bishop, CA;74,05;6,23;0,91;0,76;0,04;15,95;2,06;37,86;62,14;53,70
13940;Blackfoot, ID;74,09;0,59;11,44;1,31;0,09;9,04;3,45;19,40;80,60;66,30
14100;Bloomsburg-Berwick, PA;80,58;0,23;6,51;0,62;0,08;9,82;2,15;17,24;82,76;74,94
14140;Bluefield, WV-VA;95,41;1,76;0,12;1,04;0,02;0,63;1,03;1,96;98,04;94,32
14180;Blytheville, AR;93,05;4,77;0,18;0,57;0,01;0,19;1,23;0,72;99,28;92,60
14220;Bogalusa, LA;61,65;34,03;0,29;0,50;0,01;2,03;1,50;3,65;96,35;60,47
14300;Bonham, TX;66,74;31,01;0,28;0,23;0,01;0,63;1,10;1,88;98,12;65,76
14340;Boone, IA;86,02;6,82;1,09;0,37;0,02;3,62;2,07;9,51;90,49;80,89
14380;Boone, NC;96,97;0,78;0,31;0,33;0,01;0,58;1,01;1,92;98,08;95,77
14420;Borger, TX;94,50;1,72;0,25;0,93;0,03;1,17;1,40;3,35;96,65;92,54
14580;Bozeman, MT;85,53;2,52;1,64;0,41;0,02;7,14;2,74;19,80;80,20;74,41
14620;Bradford, PA;95,05;0,32;0,87;1,15;0,08;0,68;1,85;2,76;97,24;93,33
14660;Brainerd, MN;95,88;2,41;0,23;0,44;0,01;0,14;0,89;1,74;98,26;94,45
14700;Branson, MO;93,23;0,41;4,09;0,35;0,02;0,21;1,69;1,09;98,91;92,64
14780;Brenham, TX;94,99;0,60;0,71;0,52;0,07;1,26;1,87;3,63;96,37;93,02
14820;Brevard, NC;74,17;17,64;0,29;1,32;0,02;4,98;1,58;13,76;86,24;66,42
14940;Brigham City, UT;92,41;3,90;0,29;0,44;0,02;1,25;1,69;2,91;97,09;90,81
15020;Brookhaven, MS;91,77;0,34;0,82;0,89;0,17;3,77;2,24;8,31;91,69;88,26
15060;Brookings, OR;68,44;29,95;0,18;0,34;0,02;0,32;0,75;0,95;99,05;67,97
15100;Brookings, SD;92,00;0,30;1,90;0,72;0,09;1,31;3,68;5,37;94,63;88,70
15140;Brownsville, TN;93,23;0,79;0,88;2,72;0,03;0,92;1,42;1,99;98,01;92,33
15220;Brownwood, TX;45,87;50,38;0,17;0,11;0,00;2,54;0,93;3,85;96,15;44,81
15340;Bucyrus, OH;86,50;3,63;0,57;0,43;0,04;6,74;2,10;19,56;80,44;74,73
15420;Burley, ID;97,20;0,86;0,14;0,36;0,02;0,32;1,11;1,22;98,78;96,44
15460;Burlington, IA-IL;81,06;0,33;0,99;0,46;0,04;14,74;2,39;28,40;71,60;69,35
15580;Butte-Silver Bow, MT;92,12;4,33;0,24;0,64;0,05;0,51;2,10;2,35;97,65;90,63
15620;Cadillac, MI;94,42;0,32;1,92;0,48;0,07;0,68;2,11;3,66;96,34;92,15
15660;Calhoun, GA;96,69;0,36;0,61;0,51;0,04;0,38;1,41;1,73;98,27;95,57
15700;Cambridge, MD;85,22;3,63;0,37;0,98;0,13;7,70;1,96;14,02;85,98;79,92
15740;Cambridge, OH;67,65;27,72;0,34;0,92;0,03;1,42;1,92;3,46;96,54;66,16
15780;Camden, AR;96,01;1,47;0,25;0,27;0,02;0,19;1,78;0,87;99,13;95,48
15820;Campbellsville, KY;59,97;37,03;0,32;0,34;0,02;0,75;1,57;1,78;98,22;59,21
15860;Cañon City, CO;91,95;4,96;0,13;0,53;0,04;0,76;1,63;1,77;98,23;91,09
15900;Canton, IL;90,18;3,94;1,73;0,60;0,05;1,63;1,88;12,32;87,68;80,40
16060;Carbondale, IL;93,41;3,42;0,35;0,30;0,01;1,61;0,90;2,42;97,58;92,79
16100;Carlsbad-Artesia, NM;77,84;14,26;0,38;3,17;0,05;1,65;2,65;3,99;96,01;75,97
16260;Cedar City, UT;77,41;1,38;1,50;0,66;0,04;16,03;2,98;44,09;55,91;52,22
16340;Cedartown, GA;90,65;0,49;2,21;0,76;0,30;3,25;2,34;7,72;92,28;87,14
16380;Celina, OH;77,09;12,51;0,28;0,68;0,09;7,52;1,83;11,78;88,22;73,52
16420;Central City, KY;97,42;0,25;0,25;0,44;0,17;0,56;0,91;1,50;98,50;96,67
16460;Centralia, IL;93,70;4,53;0,15;0,14;0,02;0,38;1,10;1,17;98,83;93,02
16500;Centralia, WA;93,15;3,95;0,31;0,57;0,02;0,42;1,59;1,37;98,63;92,44
16540;Chambersburg, PA;89,74;0,54;1,42;0,88;0,16;4,04;3,23;8,65;91,35;85,99
16660;Charleston-Mattoon, IL;92,02;3,14;0,20;0,88;0,02;1,90;1,84;4,30;95,70;90,23
16900;Chester, SC;93,78;3,24;0,19;0,86;0,02;0,51;1,39;1,89;98,11;92,64
17060;Chillicothe, OH;59,79;37,38;0,41;0,33;0,02;0,56;1,51;1,45;98,55;59,11
17200;Claremont, NH;90,74;6,20;0,30;0,38;0,01;0,28;2,09;0,96;99,04;90,15
17220;Clarksburg, WV;96,98;0,42;0,29;0,62;0,01;0,27;1,40;1,13;98,87;96,22
17260;Clarksdale, MS;96,33;1,44;0,21;0,43;0,02;0,16;1,41;1,13;98,87;95,47
17340;Clearlake, CA;22,90;75,53;0,09;0,47;0,02;0,49;0,50;1,12;98,88;22,63
17380;Cleveland, MS;80,47;1,91;3,17;1,12;0,17;8,44;4,74;17,15;82,85;74,13
17500;Clewiston, FL;33,52;64,20;0,12;0,55;0,03;0,95;0,62;1,87;98,13;32,92
17540;Clinton, IA;59,88;13,44;1,72;0,71;0,06;21,52;2,68;49,16;50,84;34,87
17580;Clovis, NM;93,97;2,63;0,25;0,57;0,02;0,73;1,83;2,53;97,47;92,54
17700;Coffeyville, KS;69,72;6,32;1,17;1,29;0,11;17,25;4,15;39,52;60,48;50,74
17740;Coldwater, MI;83,34;5,80;3,35;0,58;0,11;1,89;4,93;5,20;94,80;80,94
17940;Columbia, TN;92,94;3,08;0,40;0,46;0,01;1,63;1,48;3,99;96,01;90,87
18060;Columbus, MS;82,36;12,54;0,33;0,60;0,04;2,17;1,95;4,83;95,17;80,19
18100;Columbus, NE;53,96;43,48;0,19;0,67;0,05;0,56;1,09;1,53;98,47;53,27
18180;Concord, NH;90,02;0,45;0,68;0,47;0,04;6,86;1,48;13,81;86,19;84,27
18220;Connersville, IN;95,33;1,04;0,27;1,59;0,03;0,33;1,41;1,60;98,40;94,27
18260;Cookeville, TN;96,93;1,33;0,13;0,33;0,00;0,30;0,97;0,92;99,08;96,35
18300;Coos Bay, OR;93,83;1,48;0,41;0,85;0,05;1,98;1,40;3,98;96,02;92,20
18340;Corbin, KY;89,81;0,41;2,52;1,05;0,19;1,70;4,33;5,38;94,62;86,96
18380;Cordele, GA;97,38;0,58;0,27;0,36;0,04;0,18;1,19;0,87;99,13;96,87
18420;Corinth, MS;53,27;43,00;0,14;0,78;0,05;1,79;0,97;3,19;96,81;52,12
18460;Cornelia, GA;85,43;11,39;0,21;0,32;0,02;1,62;1,02;2,73;97,27;84,50
18500;Corning, NY;85,72;3,35;0,45;2,23;0,15;6,30;1,79;12,39;87,61;80,44
18620;Corsicana, TX;95,28;1,56;0,23;1,17;0,02;0,35;1,40;1,38;98,62;94,43
18660;Cortland, NY;69,43;13,84;0,64;0,53;0,80;12,52;2,24;23,77;76,23;59,89
18740;Coshocton, OH;95,06;1,54;0,28;0,84;0,01;0,55;1,71;2,22;97,78;93,75
18820;Crawfordsville, IN;97,04;1,07;0,22;0,28;0,01;0,22;1,16;0,76;99,24;96,56
18860;Crescent City, CA;95,24;0,86;0,26;0,56;0,02;1,84;1,24;4,56;95,44;92,79
18900;Crossville, TN;73,74;3,47;7,84;3,37;0,11;6,92;4,54;17,80;82,20;64,71
18940;Crowley, LA;96,81;0,29;0,31;0,42;0,07;1,10;1,00;2,33;97,67;95,82
18980;Cullman, AL;79,53;18,09;0,26;0,22;0,01;0,56;1,32;1,72;98,28;78,60
19020;Culpeper, VA;94,69;1,06;0,51;0,43;0,02;2,19;1,11;4,30;95,70;92,74
19220;Danville, KY;75,09;15,78;0,41;1,30;0,08;4,56;2,77;8,90;91,10;71,71
19300;Daphne-Fairhope-Foley, AL;91,48;5,05;0,18;0,48;0,02;0,98;1,82;2,20;97,80;90,47
19540;Decatur, IN;85,67;9,38;0,67;0,74;0,05;1,99;1,49;4,38;95,62;83,50
19580;Defiance, OH;96,98;0,31;0,21;0,23;0,02;1,38;0,88;4,11;95,89;94,57
19620;Del Rio, TX;92,75;1,86;0,25;0,30;0,03;2,83;1,97;8,73;91,27;87,98
19700;Deming, NM;84,97;1,53;0,49;0,49;0,09;10,37;2,07;80,20;19,80;17,49
19760;DeRidder, LA;77,75;1,15;1,26;0,47;0,08;16,64;2,65;61,46;38,54;35,85
19860;Dickinson, ND;82,24;13,06;1,00;0,63;0,05;0,62;2,41;2,81;97,19;80,58
19900;Dillon, SC;95,26;0,80;0,97;1,18;0,04;0,51;1,24;1,83;98,17;94,21
19940;Dixon, IL;48,03;46,10;2,46;0,24;0,02;1,50;1,63;2,60;97,40;47,26
19980;Dodge City, KS;90,88;4,82;0,21;0,68;0,03;1,92;1,47;5,00;95,00;88,32
20060;Douglas, GA;75,32;2,12;1,03;1,44;0,16;17,23;2,69;51,17;48,83;44,01
20140;Dublin, GA;64,26;25,10;0,32;0,64;0,08;8,20;1,39;12,60;87,40;60,48
20180;DuBois, PA;61,04;35,63;0,20;0,86;0,01;1,12;1,13;2,28;97,72;60,16
20300;Dumas, TX;95,43;2,28;0,11;0,48;0,02;0,80;0,89;2,34;97,66;94,35
20340;Duncan, OK;72,53;1,53;1,28;6,10;0,08;16,36;2,12;52,69;47,31;38,21
20380;Dunn, NC;85,08;1,93;5,07;0,49;0,03;2,60;4,79;6,19;93,81;82,52
20420;Durango, CO;68,28;20,90;1,21;0,90;0,12;5,47;3,12;10,78;89,22;64,27
20460;Durant, OK;86,78;0,40;5,82;0,56;0,06;3,27;3,12;11,80;88,20;80,35
20540;Dyersburg, TN;76,19;1,54;12,95;0,51;0,03;1,73;7,06;4,97;95,03;73,78
20580;Eagle Pass, TX;81,99;14,29;0,21;0,49;0,03;1,19;1,79;2,61;97,39;80,98
20620;East Liverpool-Salem, OH;91,45;0,25;1,18;0,33;0,01;5,78;1,00;95,68;4,32;2,86
20660;Easton, MD;95,47;2,23;0,19;0,30;0,03;0,48;1,31;1,25;98,75;94,89
20700;East Stroudsburg, PA;81,38;12,78;0,17;1,25;0,06;2,73;1,64;5,49;94,51;78,95
20780;Edwards, CO;77,23;13,16;0,34;2,05;0,05;4,30;2,89;13,12;86,88;70,50
20820;Effingham, IL;82,85;0,65;0,74;0,94;0,03;12,49;2,30;31,17;68,83;66,14
20900;El Campo, TX;97,63;0,23;0,11;0,43;0,02;0,77;0,81;1,74;98,26;96,83
20980;El Dorado, AR;72,17;14,09;0,39;0,39;0,00;11,13;1,82;37,42;62,58;47,68
21020;Elizabeth City, NC;63,10;32,95;0,34;0,50;0,03;1,82;1,25;3,51;96,49;61,77
21120;Elk City, OK;63,88;31,23;0,34;1,00;0,04;1,51;2,00;3,34;96,66;62,53
21220;Elko, NV;85,02;3,96;2,78;0,80;0,01;4,60;2,83;11,84;88,16;78,93
21260;Ellensburg, WA;79,81;0,75;5,20;0,91;0,14;10,08;3,12;22,43;77,57;69,66
21380;Emporia, KS;89,32;0,89;0,96;1,98;0,14;3,67;3,05;7,63;92,37;86,07
21420;Enid, OK;84,43;2,34;0,67;2,17;0,05;7,71;2,63;18,79;81,21;74,84
21460;Enterprise-Ozark, AL;83,87;2,99;2,27;0,97;1,82;4,56;3,53;8,84;91,16;80,46
21540;Escanaba, MI;74,42;18,00;1,01;1,18;0,14;2,50;2,75;5,99;94,01;71,70
21580;Espanola, NM;94,74;0,20;2,36;0,39;0,02;0,18;2,11;0,86;99,14;94,20
21640;Eufaula, AL-GA;51,63;0,51;16,02;0,42;0,03;28,05;3,34;71,32;28,68;12,79
21700;Eureka-Arcata-Fortuna, CA;48,28;46,98;0,39;0,36;0,10;2,99;0,90;4,74;95,26;47,05
21740;Evanston, WY;81,65;1,12;5,74;2,19;0,26;3,72;5,33;9,81;90,19;77,22
21860;Fairmont, MN;92,40;0,26;0,80;0,29;0,17;4,07;2,01;8,78;91,22;88,53
21900;Fairmont, WV;96,65;0,31;0,28;0,50;0,03;1,33;0,90;3,57;96,43;94,85
21980;Fallon, NV;94,34;3,29;0,19;0,50;0,01;0,21;1,45;0,91;99,09;93,72
22060;Faribault-Northfield, MN;82,03;1,59;4,54;2,67;0,21;4,76;4,21;12,10;87,90;76,50
22100;Farmington, MO;89,29;3,23;0,47;2,05;0,06;3,08;1,81;7,99;92,01;85,07
22260;Fergus Falls, MN;93,61;4,25;0,38;0,37;0,05;0,19;1,16;1,19;98,81;92,77
22280;Fernley, NV;96,12;0,75;0,49;0,47;0,06;0,89;1,22;2,60;97,40;94,66
22300;Findlay, OH;84,96;0,80;2,47;1,39;0,25;6,39;3,73;14,76;85,24;78,17
22340;Fitzgerald, GA;93,38;1,55;0,22;1,69;0,02;1,37;1,78;4,50;95,50;90,78
22580;Forest City, NC;63,51;31,56;0,21;0,69;0,01;2,84;1,18;4,62;95,38;62,13
22620;Forrest City, AR;85,86;10,11;0,25;0,44;0,01;1,52;1,81;3,53;96,47;84,14
22700;Fort Dodge, IA;44,24;51,90;0,52;0,48;0,03;1,37;1,45;4,07;95,93;42,37
22780;Fort Leonard Wood, MO;92,32;3,85;0,29;0,65;0,02;1,07;1,79;3,80;96,20;90,00
22800;Fort Madison-Keokuk, IA-MO;77,49;11,45;0,78;2,57;0,57;2,29;4,84;9,00;91,00;72,43
22820;Fort Morgan, CO;94,30;2,64;0,18;0,48;0,03;0,60;1,78;2,64;97,36;92,58
22840;Fort Payne, AL;79,41;2,87;0,84;0,50;0,11;13,92;2,36;33,76;66,24;61,69
22860;Fort Polk South, LA;84,50;1,52;1,36;0,29;0,21;9,92;2,21;13,63;86,37;81,56
22980;Fort Valley, GA;75,69;14,22;1,41;1,76;0,50;2,36;4,06;7,21;92,79;72,22
23140;Frankfort, IN;48,32;45,91;0,24;0,81;0,03;3,16;1,53;6,82;93,18;45,13
23180;Frankfort, KY;90,99;0,43;0,25;0,22;0,01;6,84;1,27;13,23;86,77;85,33
23240;Fredericksburg, TX;87,79;7,86;0,19;1,14;0,02;1,10;1,90;2,35;97,65;86,75
23300;Freeport, IL;91,26;0,36;0,62;0,36;0,04;6,12;1,24;20,01;79,99;78,40
23340;Fremont, NE;86,54;8,96;0,18;0,62;0,03;1,15;2,51;2,95;97,05;85,12
23380;Fremont, OH;90,86;0,56;0,49;0,52;0,20;5,95;1,42;10,05;89,95;87,54
23500;Gaffney, SC;91,20;2,81;0,22;0,31;0,01;2,84;2,62;8,92;91,08;86,19
23620;Gainesville, TX;75,03;20,38;0,36;0,57;0,03;2,21;1,42;3,67;96,33;73,97
23660;Galesburg, IL;85,71;2,74;1,05;0,75;0,05;7,55;2,15;15,60;84,40;78,71
23700;Gallup, NM;88,49;5,82;0,21;0,61;0,03;2,59;2,25;5,73;94,27;85,97
23780;Garden City, KS;15,15;0,50;75,52;0,79;0,03;4,93;3,07;13,25;86,75;10,33
23820;Gardnerville Ranchos, NV;76,96;2,29;0,91;3,36;0,04;13,58;2,85;46,72;53,28;46,36
23860;Georgetown, SC;89,64;0,43;1,91;1,54;0,14;3,20;3,13;10,86;89,14;83,18
23900;Gettysburg, PA;63,18;33,60;0,23;0,45;0,02;1,61;0,91;3,10;96,90;62,02
23940;Gillette, WY;93,66;1,54;0,21;0,74;0,02;2,51;1,33;6,03;93,97;90,56
23980;Glasgow, KY;93,15;0,34;1,15;0,55;0,05;2,65;2,10;7,83;92,17;88,94
24100;Gloversville, NY;93,30;3,41;0,20;0,38;0,06;1,14;1,51;2,34;97,66;92,45
24180;Granbury, TX;95,35;1,91;0,21;0,58;0,02;0,53;1,40;2,27;97,73;93,84
24260;Grand Island, NE;91,50;0,52;0,72;0,60;0,07;4,96;1,64;11,50;88,50;85,77
24380;Grants, NM;85,37;1,45;0,80;0,93;0,17;9,40;1,89;19,30;80,70;77,01
24420;Grants Pass, OR;41,84;1,01;41,00;0,55;0,10;12,38;3,13;36,50;63,50;21,52
24460;Great Bend, KS;92,43;0,42;1,37;0,82;0,18;1,55;3,24;6,35;93,65;88,61
24620;Greeneville, TN;88,77;1,44;0,53;0,20;0,06;7,03;1,97;13,31;86,69;83,44
24700;Greensburg, IN;94,95;1,99;0,24;0,36;0,03;1,22;1,20;2,46;97,54;93,91
24740;Greenville, MS;97,33;0,32;0,15;0,72;0,03;0,57;0,87;1,66;98,34;96,33
24820;Greenville, OH;26,96;71,31;0,13;0,57;0,02;0,42;0,59;1,03;98,97;26,70
24900;Greenwood, MS;97,78;0,45;0,15;0,31;0,01;0,38;0,93;1,22;98,78;96,99
24940;Greenwood, SC;34,94;62,46;0,20;0,48;0,00;1,24;0,69;1,98;98,02;34,62
24980;Grenada, MS;62,85;31,36;0,28;0,82;0,04;3,47;1,18;5,44;94,56;61,31
25100;Guymon, OK;56,90;41,72;0,16;0,27;0,01;0,17;0,76;0,90;99,10;56,38
25220;Hammond, LA;75,66;1,63;1,30;1,57;0,16;16,86;2,81;41,95;58,05;52,76
25300;Hannibal, MO;66,23;30,27;0,32;0,61;0,04;1,18;1,35;3,52;96,48;64,25
25340;Harriman, TN;93,23;3,92;0,17;0,44;0,08;0,33;1,82;1,26;98,74;92,51
25380;Harrisburg, IL;94,42;2,66;0,33;0,51;0,03;0,40;1,64;1,31;98,69;93,67
25460;Harrison, AR;93,04;3,99;0,35;0,41;0,07;0,39;1,75;1,36;98,64;92,37
25580;Hastings, NE;96,45;0,18;0,78;0,40;0,05;0,31;1,83;1,80;98,20;95,14
25660;Havre, MT;92,08;0,71;0,43;1,19;0,04;4,19;1,36;8,04;91,96;88,87
25700;Hays, KS;73,91;0,31;21,73;0,42;0,04;0,28;3,32;2,32;97,68;72,94
25720;Heber, UT;93,78;0,85;0,26;1,37;0,02;2,12;1,60;4,57;95,43;91,74
25740;Helena, MT;90,42;0,34;0,54;0,77;0,12;6,43;1,39;13,53;86,47;84,22
25760;Helena-West Helena, AR;94,24;0,31;2,00;0,53;0,06;0,44;2,41;2,41;97,59;92,68
25780;Henderson, NC;35,01;63,06;0,23;0,31;0,00;0,44;0,95;1,32;98,68;34,63
25820;Hereford, TX;44,16;49,85;0,32;0,44;0,02;3,86;1,34;6,72;93,28;42,05
25900;Hilo, HI;77,82;1,25;0,91;0,31;0,01;17,30;2,40;67,31;32,69;30,66
25940;Hilton Head Island-Beaufort, SC;33,69;0,55;0,47;22,18;12,10;1,55;29,47;11,55;88,45;31,25
26020;Hobbs, NM;68,05;22,83;0,32;1,10;0,07;5,65;1,97;12,47;87,53;62,32
26140;Homosassa Springs, FL;74,99;4,08;1,19;0,50;0,06;16,63;2,55;51,08;48,92;43,02
26220;Hood River, OR;93,00;2,82;0,34;1,41;0,03;0,78;1,61;4,66;95,34;89,60
26260;Hope, AR;83,09;0,45;0,81;1,41;0,17;10,91;3,16;29,49;70,51;65,85
26340;Houghton, MI;61,27;29,77;0,38;0,33;0,06;6,44;1,75;9,28;90,72;58,95
26460;Hudson, NY;94,68;0,52;0,54;2,72;0,04;0,17;1,33;1,11;98,89;93,89
26480;Humboldt, TN;90,55;4,52;0,19;1,59;0,03;1,08;2,03;3,89;96,11;88,23
26500;Huntingdon, PA;78,47;18,80;0,22;0,21;0,01;0,94;1,34;2,04;97,96;77,63
26540;Huntington, IN;92,50;5,21;0,09;0,40;0,00;0,87;0,92;1,58;98,42;91,91
26660;Huntsville, TX;97,14;0,43;0,38;0,45;0,02;0,45;1,13;1,70;98,30;96,14
26700;Huron, SD;67,07;22,48;0,45;0,93;0,04;6,98;2,06;16,78;83,22;58,46
26740;Hutchinson, KS;89,66;0,84;1,09;3,63;0,10;3,04;1,64;7,68;92,32;85,84
26780;Hutchinson, MN;90,63;2,99;0,68;0,48;0,03;2,54;2,65;8,07;91,93;86,10
26860;Indiana, PA;95,93;0,54;0,28;0,73;0,05;1,49;0,98;4,94;95,06;92,78
26940;Indianola, MS;94,91;2,74;0,14;0,87;0,01;0,38;0,94;1,07;98,93;94,36
27020;Iron Mountain, MI-WI;25,44;72,93;0,19;0,29;0,03;0,65;0,47;1,37;98,63;25,16
27220;Jackson, WY-ID;97,23;0,32;0,58;0,43;0,03;0,20;1,21;1,00;99,00;96,62
27300;Jacksonville, IL;87,50;0,24;0,46;0,90;0,09;9,24;1,58;15,61;84,39;81,97
27380;Jacksonville, TX;91,93;5,21;0,21;0,44;0,02;0,68;1,51;1,85;98,15;90,91
27420;Jamestown, ND;71,69;14,75;0,67;0,47;0,02;10,24;2,17;20,65;79,35;62,72
27460;Jamestown-Dunkirk-Fredonia, NY;95,56;0,66;1,42;0,47;0,06;0,55;1,27;1,71;98,29;94,77
27540;Jasper, IN;92,57;2,37;0,51;0,51;0,03;1,98;2,04;6,11;93,89;89,29
27660;Jennings, LA;95,83;0,29;0,17;0,39;0,03;2,43;0,86;4,83;95,17;93,79
27700;Jesup, GA;79,52;17,31;0,50;0,20;0,01;0,60;1,86;1,70;98,30;78,61
27940;Juneau, AK;74,95;19,92;0,42;0,53;0,02;2,16;2,00;5,71;94,29;72,26
27980;Kahului-Wailuku, HI;69,75;0,89;11,80;6,14;0,70;1,23;9,49;5,08;94,92;67,35
28060;Kalispell, MT;34,45;0,56;0,39;28,80;10,37;1,97;23,46;10,15;89,85;31,77
28180;Kapaa, HI;95,46;0,22;1,13;0,58;0,06;0,42;2,12;2,28;97,72;93,96
28260;Kearney, NE;33,03;0,41;0,38;31,32;9,03;0,91;24,92;9,41;90,59;30,72
28300;Keene, NH;93,23;0,75;0,28;1,15;0,03;3,23;1,33;6,99;93,01;89,92
28340;Kendallville, IN;96,27;0,51;0,25;1,19;0,02;0,36;1,40;1,41;98,59;95,36
28380;Kennett, MO;92,50;0,39;0,21;0,37;0,01;5,20;1,31;9,61;90,39;88,57
28500;Kerrville, TX;85,06;9,72;0,22;0,34;0,03;3,07;1,56;5,40;94,60;82,93
28540;Ketchikan, AK;87,67;1,78;0,72;0,75;0,06;6,89;2,13;23,97;76,03;72,24
28580;Key West, FL;68,09;0,58;14,17;7,00;0,20;0,69;9,28;3,99;96,01;66,17
28620;Kill Devil Hills, NC;89,49;5,74;0,40;1,11;0,10;1,38;1,78;20,62;79,38;71,27
28780;Kingsville, TX;92,31;2,46;0,37;0,63;0,04;2,39;1,81;6,52;93,48;88,62
28820;Kinston, NC;80,00;3,71;0,62;2,32;0,11;10,84;2,39;70,25;29,75;23,29
28860;Kirksville, MO;53,38;40,54;0,37;0,44;0,08;3,86;1,32;6,58;93,42;51,25
28900;Klamath Falls, OR;94,66;1,36;0,29;1,54;0,04;0,54;1,57;1,84;98,16;93,56
28980;Kodiak, AK;85,90;0,65;4,12;0,94;0,11;4,14;4,14;10,42;89,58;81,08
29060;Laconia, NH;55,34;0,68;13,22;19,57;0,64;2,92;7,63;7,33;92,67;52,51
29220;La Follette, TN;96,62;0,46;0,21;1,16;0,02;0,23;1,29;1,20;98,80;95,78
29260;La Grande, OR;97,70;0,31;0,26;0,25;0,05;0,37;1,06;1,16;98,84;97,04
29300;LaGrange, GA;93,09;0,51;1,12;0,81;0,88;1,29;2,29;3,89;96,11;90,91
29380;Lake City, FL;61,48;33,40;0,25;1,58;0,08;1,70;1,51;3,24;96,76;60,27
29500;Lamesa, TX;77,91;17,50;0,51;0,92;0,06;1,17;1,93;4,85;95,15;74,74
29580;Lancaster, SC;76,67;6,54;0,72;0,35;0,05;13,40;2,26;53,40;46,60;39,05
29660;Laramie, WY;71,55;23,85;0,31;0,64;0,02;2,37;1,26;4,41;95,59;69,78
29780;Las Vegas, NM;90,14;1,16;0,71;2,81;0,06;2,44;2,68;8,82;91,18;84,84
29860;Laurel, MS;66,62;1,40;1,73;0,78;0,13;25,44;3,90;76,83;23,17;19,67
29900;Laurinburg, NC;62,98;33,15;0,41;0,38;0,02;2,21;0,85;3,93;96,07;61,64
29980;Lawrenceburg, TN;46,52;38,56;10,88;0,76;0,02;1,06;2,18;2,09;97,91;45,92
30060;Lebanon, MO;95,66;1,53;0,36;0,29;0,00;0,53;1,62;1,65;98,35;94,80
30100;Lebanon, NH-VT;95,73;0,68;0,67;0,44;0,05;0,50;1,93;2,02;97,98;94,45
30220;Levelland, TX;95,02;0,72;0,33;1,89;0,02;0,34;1,68;1,48;98,52;94,03
30260;Lewisburg, PA;78,48;3,65;0,90;0,27;0,02;14,22;2,45;43,57;56,43;51,43
30280;Lewisburg, TN;87,69;7,40;0,35;1,16;0,05;1,76;1,58;5,22;94,78;85,24
30380;Lewistown, PA;88,49;6,54;0,35;0,43;0,06;2,44;1,68;4,53;95,47;86,77
30420;Lexington, NE;97,53;0,64;0,11;0,36;0,01;0,31;1,03;1,14;98,86;96,82
30500;Lexington Park, MD;79,49;2,85;0,76;0,55;0,17;14,14;2,04;29,56;70,44;66,05
30580;Liberal, KS;78,59;14,29;0,40;2,47;0,07;1,00;3,17;3,78;96,22;76,46
30660;Lincoln, IL;70,46;3,37;0,77;2,66;0,19;19,48;3,08;56,60;43,40;35,99
30740;Lincolnton, NC;89,12;7,54;0,20;0,61;0,02;1,22;1,29;2,95;97,05;87,73
30820;Lock Haven, PA;89,36;5,55;0,32;0,54;0,02;2,66;1,56;6,69;93,31;85,78
30900;Logansport, IN;96,49;1,59;0,09;0,51;0,04;0,44;0,85;1,11;98,89;95,87
30940;London, KY;88,24;1,48;0,51;1,08;0,08;7,04;1,57;12,57;87,43;83,72
31060;Los Alamos, NM;97,05;0,71;0,30;0,49;0,01;0,44;1,01;1,22;98,78;96,40
31260;Lufkin, TX;87,83;0,57;0,79;5,97;0,06;2,19;2,60;14,74;85,26;76,26
31300;Lumberton, NC;72,07;15,02;0,47;0,90;0,01;9,76;1,76;19,76;80,24;63,26
31380;Macomb, IL;28,98;24,33;38,39;0,74;0,06;4,97;2,53;8,15;91,85;26,95
31500;Madison, IN;90,38;5,03;0,23;1,78;0,01;0,73;1,84;2,66;97,34;88,86
31580;Madisonville, KY;95,21;1,67;0,21;0,65;0,02;0,94;1,29;2,33;97,67;93,94
31620;Magnolia, AR;90,13;6,58;0,14;0,55;0,04;0,62;1,94;1,56;98,44;89,39
31660;Malone, NY;59,86;36,90;0,29;0,72;0,02;1,18;1,04;2,17;97,83;59,24
31820;Manitowoc, WI;84,18;6,06;7,36;0,42;0,02;0,75;1,21;2,92;97,08;82,64
31920;Marble Falls, TX;93,81;0,54;0,55;2,52;0,01;1,31;1,25;3,15;96,85;92,35
31940;Marinette, WI-MI;88,48;1,79;0,68;0,47;0,04;6,68;1,86;20,24;79,76;76,09
31980;Marion, IN;96,46;0,27;1,35;0,44;0,03;0,35;1,10;1,22;98,78;95,74
32020;Marion, OH;88,22;6,98;0,33;0,59;0,02;1,43;2,43;3,59;96,41;86,54
32060;Marion-Herrin, IL;91,07;5,72;0,17;0,50;0,05;0,78;1,70;2,26;97,74;89,82
32100;Marquette, MI;92,74;3,83;0,37;0,85;0,01;0,55;1,65;1,96;98,04;91,50
32140;Marshall, MN;93,79;1,70;1,73;0,57;0,02;0,18;2,01;1,14;98,86;93,05
32180;Marshall, MO;90,34;2,27;0,44;2,63;0,03;2,74;1,55;5,96;94,04;87,55
32220;Marshall, TX;86,16;5,28;0,32;0,53;0,68;4,63;2,40;8,24;91,76;83,19
32260;Marshalltown, IA;68,60;21,94;0,68;0,52;0,05;6,52;1,70;11,05;88,95;64,99
32270;Marshfield-Wisconsin Rapids, WI;88,74;1,67;0,46;1,32;0,12;5,65;2,04;17,26;82,74;78,25
32280;Martin, TN;95,05;0,53;0,79;1,76;0,01;0,79;1,07;2,25;97,75;93,88
32300;Martinsville, VA;88,87;7,81;0,29;1,05;0,02;0,57;1,38;2,00;98,00;87,65
32340;Maryville, MO;68,25;26,56;0,18;0,54;0,01;2,83;1,63;4,56;95,44;66,86
32380;Mason City, IA;94,49;2,42;0,19;1,62;0,01;0,33;0,93;1,29;98,71;93,63
32460;Mayfield, KY;95,46;1,17;0,20;0,77;0,02;0,86;1,51;3,56;96,44;93,16
32500;Maysville, KY;90,43;4,33;0,25;0,33;0,05;2,78;1,83;5,65;94,35;87,84
32540;McAlester, OK;94,11;3,69;0,20;0,35;0,00;0,40;1,25;1,04;98,96;93,55
32620;McComb, MS;73,62;3,33;13,77;0,41;0,04;1,26;7,57;3,90;96,10;71,90
32660;McMinnville, TN;49,16;49,01;0,26;0,46;0,02;0,38;0,71;1,12;98,88;48,72
32700;McPherson, KS;89,49;2,87;0,27;0,48;0,03;5,22;1,64;8,09;91,91;87,20
32740;Meadville, PA;95,14;1,01;0,38;0,50;0,07;1,19;1,71;3,51;96,49;93,13
32860;Menomonie, WI;96,26;1,74;0,18;0,45;0,02;0,19;1,14;0,93;99,07;95,68
32940;Meridian, MS;94,73;0,50;0,38;2,61;0,03;0,52;1,23;1,43;98,57;94,00
32980;Merrill, WI;54,34;43,16;0,58;0,58;0,03;0,53;0,78;1,52;98,48;53,65
33020;Mexico, MO;97,17;0,55;0,35;0,43;0,03;0,46;1,02;1,18;98,82;96,59
33060;Miami, OK;89,82;6,45;0,36;0,45;0,03;1,17;1,72;2,60;97,40;88,58
33180;Middlesborough, KY;68,98;0,77;18,86;0,50;0,94;2,37;7,58;4,71;95,29;67,36
33220;Midland, MI;95,55;2,24;0,17;0,27;0,05;0,19;1,52;0,69;99,31;95,14
33300;Milledgeville, GA;94,54;1,21;0,44;1,86;0,06;0,39;1,51;2,04;97,96;93,08
33380;Minden, LA;49,72;47,05;0,24;1,14;0,04;0,70;1,11;1,92;98,08;48,81
33420;Mineral Wells, TX;64,23;33,55;0,36;0,29;0,02;0,38;1,17;1,63;98,37;63,26
33500;Minot, ND;87,14;2,21;0,72;0,48;0,05;7,60;1,80;17,73;82,27;78,11
33580;Mitchell, SD;91,19;2,23;2,40;0,87;0,12;0,65;2,54;2,84;97,16;89,64
33620;Moberly, MO;95,06;0,36;2,19;0,46;0,06;0,46;1,41;1,35;98,65;94,48
33820;Monroe, WI;91,02;5,86;0,29;0,42;0,01;0,29;2,11;1,63;98,37;89,97
33940;Montrose, CO;96,61;0,38;0,18;0,54;0,03;1,33;0,94;2,80;97,20;95,31
33980;Morehead City, NC;86,74;0,39;1,08;0,62;0,06;8,68;2,42;19,69;80,31;77,50
34020;Morgan City, LA;89,28;6,08;0,48;0,87;0,10;1,22;1,97;3,37;96,63;87,41
34140;Moscow, ID;59,30;32,51;1,82;1,73;0,05;2,62;1,97;5,34;94,66;57,21
34180;Moses Lake, WA;92,79;0,79;0,64;2,10;0,14;1,01;2,55;3,56;96,44;90,61
34220;Moultrie, GA;72,83;1,11;1,22;0,91;0,08;20,37;3,48;38,33;61,67;57,30
34260;Mountain Home, AR;64,71;22,44;0,48;0,65;0,04;10,26;1,42;17,06;82,94;58,81
34300;Mountain Home, ID;96,91;0,16;0,56;0,41;0,04;0,46;1,45;1,66;98,34;95,96
34340;Mount Airy, NC;82,15;2,71;1,00;2,84;0,39;6,77;4,14;15,23;84,77;75,10
34380;Mount Pleasant, MI;88,13;3,73;0,30;0,47;0,02;5,99;1,36;9,71;90,29;84,99
34420;Mount Pleasant, TX;89,17;2,38;3,43;1,63;0,03;0,58;2,77;3,12;96,88;87,49
34460;Mount Sterling, KY;67,57;9,56;1,09;0,73;0,05;18,66;2,33;39,58;60,42;49,19
34500;Mount Vernon, IL;95,27;2,25;0,19;0,24;0,03;0,88;1,14;1,96;98,04;94,38
34540;Mount Vernon, OH;90,14;6,94;0,22;0,56;0,02;0,68;1,44;1,91;98,09;89,15
34660;Murray, KY;96,74;0,81;0,20;0,57;0,03;0,43;1,22;1,21;98,79;96,02
34700;Muscatine, IA;91,98;3,74;0,23;1,77;0,03;0,75;1,50;2,39;97,61;90,54
34780;Muskogee, OK;89,29;1,23;0,31;0,83;0,04;6,48;1,82;15,89;84,11;80,96
34860;Nacogdoches, TX;59,82;11,31;17,47;0,56;0,03;2,58;8,23;5,20;94,80;58,26
35020;Natchez, MS-LA;68,58;18,18;0,57;1,24;0,04;9,40;2,00;17,60;82,40;61,53
35060;Natchitoches, LA;48,48;48,57;0,32;0,33;0,02;1,11;1,18;4,44;95,56;45,77
35100;New Bern, NC;54,32;41,35;0,95;0,34;0,03;0,87;2,14;1,86;98,14;53,35
35140;Newberry, SC;70,08;22,96;0,50;1,72;0,12;2,14;2,48;5,59;94,41;67,40
35220;New Castle, IN;62,12;31,00;0,35;0,33;0,09;4,95;1,16;7,17;92,83;60,49
35260;New Castle, PA;95,73;2,16;0,15;0,32;0,01;0,44;1,19;1,40;98,60;94,89
35340;New Iberia, LA;93,83;3,84;0,08;0,41;0,01;0,22;1,62;1,02;98,98;93,16
35420;New Philadelphia-Dover, OH;62,19;32,00;0,37;2,39;0,03;1,47;1,55;3,14;96,86;60,76
35460;Newport, TN;96,56;0,78;0,25;0,31;0,19;0,69;1,22;1,91;98,09;95,71
35500;Newton, IA;95,09;1,88;0,38;0,31;0,07;0,59;1,69;1,76;98,24;94,21
35580;New Ulm, MN;96,73;1,28;0,28;0,44;0,02;0,36;0,88;1,46;98,54;95,77
35700;Nogales, AZ;97,50;0,24;0,08;0,59;0,01;0,88;0,71;3,32;96,68;95,25
35740;Norfolk, NE;73,46;0,38;0,69;0,54;0,03;22,89;2,01;82,82;17,18;15,95
35820;North Platte, NE;90,56;1,03;0,92;0,38;0,03;5,59;1,49;10,11;89,89;86,78
35860;North Vernon, IN;94,46;0,70;0,59;0,53;0,02;2,27;1,42;6,96;93,04;90,47
35900;North Wilkesboro, NC;96,80;0,76;0,11;0,22;0,00;0,96;1,17;2,00;98,00;95,92
35940;Norwalk, OH;90,60;4,08;0,19;0,43;0,03;3,33;1,33;5,44;94,56;88,82
36020;Oak Harbor, WA;94,85;1,03;0,21;0,29;0,02;1,98;1,61;5,59;94,41;91,65
36060;Oak Hill, WV;86,12;2,19;0,84;4,38;0,50;1,50;4,47;5,47;94,53;83,06
36180;Ocean Pines, MD;93,46;4,61;0,20;0,20;0,01;0,18;1,34;0,87;99,13;92,88
36300;Ogdensburg-Massena, NY;82,00;13,65;0,28;1,11;0,02;1,23;1,70;3,15;96,85;80,33
36340;Oil City, PA;93,85;2,16;1,01;0,97;0,03;0,60;1,37;1,92;98,08;92,85
36380;Okeechobee, FL;97,10;1,04;0,15;0,36;0,02;0,20;1,13;0,87;99,13;96,49
36460;Olean, NY;77,53;8,01;0,95;0,88;0,07;10,68;1,88;23,90;76,10;65,65
36580;Oneonta, NY;92,93;1,27;3,04;0,66;0,02;0,38;1,70;1,67;98,33;91,95
36620;Ontario, OR-ID;94,66;1,71;0,19;1,08;0,03;0,66;1,66;3,09;96,91;92,73
36660;Opelousas-Eunice, LA;82,18;0,78;1,15;1,33;0,09;11,62;2,86;24,53;75,47;71,00
36700;Orangeburg, SC;55,90;41,31;0,33;0,39;0,01;0,79;1,27;1,58;98,42;55,20
36820;Oskaloosa, IA;34,35;62,20;0,53;0,81;0,02;0,91;1,18;1,91;98,09;33,74
36860;Ottawa-Streator, IL;95,74;1,13;0,27;1,14;0,02;0,60;1,10;1,61;98,39;94,91
36900;Ottumwa, IA;93,56;1,57;0,25;0,65;0,01;2,56;1,40;7,80;92,20;88,87
36940;Owatonna, MN;92,08;1,35;0,49;0,71;0,13;3,68;1,55;9,08;90,92;87,46
37020;Owosso, MI;93,06;2,77;0,24;0,77;0,02;1,75;1,39;6,24;93,76;88,98
37060;Oxford, MS;96,70;0,46;0,50;0,36;0,04;0,49;1,45;2,40;97,60;95,18
37140;Paducah, KY-IL;71,75;23,66;0,26;2,12;0,05;1,13;1,04;2,27;97,73;70,83
37220;Pahrump, NV;88,01;8,49;0,26;0,61;0,02;0,61;2,00;1,91;98,09;86,97
37260;Palatka, FL;85,91;1,99;1,60;1,30;0,48;5,17;3,55;13,58;86,42;78,88
37300;Palestine, TX;77,28;16,18;0,48;0,61;0,07;3,64;1,74;9,02;90,98;72,59
37420;Pampa, TX;66,09;21,06;0,44;0,50;0,04;10,18;1,70;15,89;84,11;61,23
37500;Paragould, AR;81,97;4,68;0,87;0,40;0,00;9,68;2,40;23,18;76,82;69,92
37540;Paris, TN;96,41;0,55;0,50;0,26;0,02;0,93;1,34;2,14;97,86;95,43
37580;Paris, TX;89,16;8,04;0,31;0,29;0,02;0,58;1,60;1,71;98,29;88,22
37660;Parsons, KS;79,31;13,46;1,41;0,62;0,02;2,49;2,69;6,47;93,53;76,10
37740;Payson, AZ;88,05;4,67;2,16;0,36;0,02;0,71;4,04;4,05;95,95;85,47
37780;Pecos, TX;76,80;0,43;14,83;0,51;0,09;5,35;2,00;17,89;82,11;65,86
37800;Pella, IA;77,23;5,01;0,46;0,86;0,04;14,85;1,54;74,24;25,76;19,52
37820;Pendleton-Hermiston, OR;96,68;0,68;0,18;1,14;0,02;0,27;1,04;1,59;98,41;95,57
37940;Peru, IN;78,88;0,80;3,22;0,88;0,13;13,07;3,02;24,81;75,19;68,81
38020;Phoenix Lake-Cedar Ridge, CA;91,80;4,53;0,91;0,35;0,02;0,61;1,78;2,46;97,54;90,26
38100;Picayune, MS;87,19;2,06;1,88;1,03;0,14;4,04;3,65;10,69;89,31;81,87
38180;Pierre, SD;84,04;12,31;0,56;0,41;0,06;0,88;1,74;2,93;97,07;82,23
38200;Pierre Part, LA;86,37;0,47;9,88;0,48;0,01;0,44;2,37;1,64;98,36;85,69
38260;Pittsburg, KS;66,76;30,49;0,57;0,25;0,05;0,99;0,89;2,13;97,87;65,93
38380;Plainview, TX;91,19;2,01;0,90;1,22;0,20;1,87;2,62;4,50;95,50;89,03
38420;Platteville, WI;70,77;5,31;0,96;0,39;0,06;19,57;2,94;55,88;44,12;37,62
38460;Plattsburgh, NY;96,97;1,15;0,20;0,61;0,01;0,43;0,63;1,27;98,73;96,27
38500;Plymouth, IN;92,53;3,91;0,35;1,09;0,02;0,66;1,44;2,50;97,50;91,12
38580;Point Pleasant, WV-OH;93,52;0,47;0,25;0,46;0,01;3,77;1,53;8,44;91,56;89,47
38620;Ponca City, OK;96,14;1,69;0,27;0,39;0,02;0,18;1,30;0,68;99,32;95,73
38700;Pontiac, IL;80,18;2,07;9,63;0,50;0,03;2,56;5,03;6,43;93,57;77,56
38740;Poplar Bluff, MO;91,79;4,92;0,17;0,51;0,00;1,33;1,28;3,93;96,07;89,61
38780;Portales, NM;90,81;5,27;0,55;0,66;0,04;0,52;2,16;1,56;98,44;89,98
38820;Port Angeles, WA;76,85;1,83;1,27;0,88;0,03;15,94;3,19;39,87;60,13;55,54
39020;Portsmouth, OH;86,96;0,83;5,08;1,41;0,13;1,78;3,80;5,08;94,92;84,59
39060;Pottsville, PA;94,40;2,68;0,55;0,31;0,01;0,33;1,72;1,12;98,88;93,75
39220;Price, UT;94,42;2,68;0,14;0,48;0,02;1,27;1,00;2,75;97,25;93,23
39260;Prineville, OR;92,31;0,43;1,18;0,58;0,11;3,03;2,36;12,42;87,58;84,13
39420;Pullman, WA;92,67;0,17;1,44;0,46;0,05;3,19;2,01;6,97;93,03;89,42
39500;Quincy, IL-MO;84,57;1,67;0,69;7,75;0,23;1,45;3,64;4,56;95,44;82,10
39700;Raymondville, TX;93,78;3,43;0,18;0,60;0,02;0,38;1,60;1,21;98,79;93,07
39780;Red Bluff, CA;85,82;2,14;0,28;0,63;0,03;9,25;1,84;87,18;12,82;10,10
39860;Red Wing, MN;81,50;0,64;2,59;1,03;0,12;9,86;4,26;21,91;78,09;71,86
39940;Rexburg, ID;94,59;0,96;1,15;0,59;0,04;1,11;1,56;2,91;97,09;93,17
39980;Richmond, IN;92,74;0,45;0,38;0,75;0,13;4,07;1,48;7,70;92,30;89,59
40080;Richmond-Berea, KY;90,17;4,96;0,25;0,76;0,07;1,14;2,65;2,62;97,38;88,98
40100;Rio Grande City-Roma, TX;92,73;3,63;0,30;0,77;0,03;0,72;1,81;1,92;98,08;91,73
40180;Riverton, WY;96,09;0,11;0,13;0,22;0,00;2,97;0,48;95,68;4,32;4,02
40260;Roanoke Rapids, NC;74,30;0,25;21,18;0,39;0,02;1,03;2,82;5,64;94,36;71,47
40300;Rochelle, IL;39,79;54,70;2,83;0,52;0,03;0,99;1,14;1,90;98,10;39,28
40460;Rockingham, NC;93,21;0,90;0,21;0,47;0,03;3,77;1,42;8,86;91,14;88,65
40500;Rockland, ME;60,19;30,59;2,52;0,92;0,06;3,65;2,08;5,88;94,12;58,68
40540;Rock Springs, WY;97,09;0,50;0,35;0,46;0,01;0,19;1,39;0,85;99,15;96,48
40620;Rolla, MO;88,45;1,00;0,97;0,77;0,10;6,39;2,33;15,27;84,73;80,88
40700;Roseburg, OR;91,70;2,23;0,56;2,91;0,07;0,37;2,15;2,04;97,96;90,34
40740;Roswell, NM;92,39;0,29;1,81;0,97;0,11;1,19;3,24;4,70;95,30;89,48
40760;Ruidoso, NM;70,86;2,02;1,24;0,63;0,08;21,93;3,24;52,01;47,99;43,87
40780;Russellville, AR;85,08;0,47;2,39;0,37;0,05;9,17;2,48;29,81;70,19;66,35
40820;Ruston, LA;88,75;2,49;0,74;1,06;0,04;4,82;2,09;10,00;90,00;84,21
40860;Rutland, VT;58,50;37,74;0,25;1,30;0,06;1,05;1,10;2,22;97,78;57,61
40940;Safford, AZ;97,06;0,54;0,24;0,60;0,02;0,24;1,30;1,10;98,90;96,31
41220;St. Marys, GA;73,02;1,69;12,20;0,54;0,12;9,42;3,00;33,64;66,36;51,55
41260;St. Marys, PA;74,35;19,40;0,51;1,43;0,15;1,12;3,03;5,13;94,87;71,22
41460;Salina, KS;98,51;0,28;0,11;0,30;0,02;0,13;0,66;0,57;99,43;98,12
41580;Salisbury, NC;88,47;3,02;0,52;1,89;0,04;3,16;2,90;8,95;91,05;83,47
41820;Sanford, NC;76,52;16,18;0,34;1,00;0,04;4,33;1,60;7,69;92,31;73,67
42300;Sault Ste. Marie, MI;66,86;19,99;0,70;0,85;0,03;9,13;2,44;18,28;81,72;59,31
42380;Sayre, PA;72,27;6,51;15,75;0,60;0,06;0,17;4,64;1,25;98,75;71,50
42420;Scottsbluff, NE;97,47;0,50;0,25;0,54;0,01;0,21;1,03;1,12;98,88;96,75
42460;Scottsboro, AL;87,54;0,54;2,08;0,58;0,05;7,28;1,93;20,74;79,26;75,91
42500;Scottsburg, IN;90,83;3,35;1,35;0,35;0,09;1,44;2,59;2,52;97,48;90,06
42580;Seaford, DE;97,87;0,24;0,19;0,45;0,06;0,46;0,74;1,46;98,54;97,06
42620;Searcy, AR;78,96;12,74;0,79;0,99;0,08;4,14;2,30;8,60;91,40;75,59
42700;Sebring, FL;91,37;3,99;0,58;0,54;0,05;1,63;1,83;3,74;96,26;89,56
42740;Sedalia, MO;80,95;9,38;0,48;1,46;0,05;5,47;2,22;17,37;82,63;70,66
42780;Selinsgrove, PA;89,66;3,00;0,42;0,60;0,07;4,00;2,25;7,22;92,78;86,97
42820;Selma, AL;96,91;1,08;0,13;0,54;0,02;0,50;0,82;1,65;98,35;96,03
42860;Seneca, SC;29,14;69,43;0,19;0,34;0,03;0,19;0,68;0,71;99,29;28,93
42900;Seneca Falls, NY;87,75;7,56;0,24;0,59;0,01;2,27;1,58;4,51;95,49;85,91
42940;Sevierville, TN;92,45;4,56;0,30;0,69;0,01;0,68;1,31;2,70;97,30;90,77
42980;Seymour, IN;93,69;0,79;0,38;0,86;0,02;2,91;1,34;5,33;94,67;91,64
43060;Shawnee, OK;94,50;0,67;0,21;0,85;0,06;2,40;1,31;5,69;94,31;91,62
43140;Shelby, NC;76,28;2,90;12,90;0,55;0,06;0,98;6,32;4,14;95,86;74,37
43180;Shelbyville, TN;75,58;20,73;0,24;0,77;0,02;1,15;1,51;2,81;97,19;74,22
43220;Shelton, WA;81,78;7,91;0,37;0,78;0,10;6,99;2,07;11,28;88,72;78,54
43260;Sheridan, WY;86,13;1,09;3,69;1,20;0,37;3,38;4,14;7,98;92,02;82,95
43320;Show Low, AZ;95,42;0,37;1,23;0,66;0,08;0,72;1,52;3,48;96,52;93,14
43380;Sidney, OH;49,30;0,87;43,38;0,54;0,07;3,37;2,46;10,77;89,23;43,91
43420;Sierra Vista-Douglas, AZ;94,68;1,89;0,16;0,86;0,10;0,46;1,86;1,34;98,66;93,93
43460;Sikeston, MO;78,48;4,16;1,21;1,92;0,32;9,89;4,02;32,39;67,61;58,48
43500;Silver City, NM;85,75;11,40;0,21;0,34;0,03;0,65;1,62;1,80;98,20;84,86
43540;Silverthorne, CO;84,90;0,86;1,36;0,42;0,07;9,61;2,77;48,29;51,71;48,64
43660;Snyder, TX;89,67;0,82;0,31;0,99;0,07;6,58;1,55;14,25;85,75;82,72
43700;Somerset, KY;78,75;4,72;0,63;0,35;0,02;13,28;2,25;36,34;63,66;57,76
43740;Somerset, PA;96,13;1,15;0,23;0,46;0,03;0,88;1,12;2,09;97,91;95,05
43860;Southern Pines-Pinehurst, NC;95,96;2,40;0,11;0,31;0,02;0,60;0,60;1,08;98,92;95,53
43940;Spearfish, SD;80,36;13,42;0,83;0,85;0,07;2,75;1,72;5,96;94,04;77,61
43980;Spencer, IA;94,40;0,38;2,03;0,66;0,02;0,49;2,02;2,54;97,46;92,75
44020;Spirit Lake, IA;96,46;0,41;0,23;0,59;0,01;1,18;1,12;2,86;97,14;95,06
44260;Starkville, MS;98,31;0,17;0,08;0,43;0,03;0,22;0,75;1,07;98,93;97,53
44340;Statesboro, GA;59,21;36,57;0,19;2,42;0,03;0,39;1,19;1,43;98,57;58,37
44380;Statesville-Mooresville, NC;67,24;27,64;0,26;1,45;0,09;1,66;1,65;3,47;96,53;65,87
44420;Staunton-Waynesboro, VA;80,69;11,95;0,34;1,83;0,03;3,35;1,81;6,80;93,20;77,84
44500;Stephenville, TX;89,45;6,79;0,22;0,60;0,02;1,11;1,81;2,85;97,15;88,01
44540;Sterling, CO;85,62;1,19;0,77;0,68;0,03;10,02;1,69;19,21;80,79;77,55
44580;Sterling, IL;89,01;3,96;1,16;0,56;0,07;3,72;1,52;15,64;84,36;78,18
44620;Stevens Point, WI;92,18;1,34;0,29;0,47;0,02;3,49;2,21;11,03;88,97;85,92
44660;Stillwater, OK;94,23;0,55;0,38;2,81;0,02;0,78;1,23;2,65;97,35;92,68
44740;Storm Lake, IA;81,90;3,64;4,69;3,48;0,05;1,06;5,18;3,87;96,13;79,71
44780;Sturgis, MI;80,66;2,67;0,25;5,63;0,49;8,53;1,77;22,74;77,26;67,90
44860;Sulphur Springs, TX;90,58;2,61;0,46;0,68;0,00;3,48;2,19;6,58;93,42;87,98
44900;Summerville, GA;81,47;7,06;0,60;0,50;0,07;8,29;2,01;15,27;84,73;75,37
44980;Sunbury, PA;83,91;11,14;0,26;0,42;0,10;2,58;1,59;4,01;95,99;82,99
45000;Susanville, CA;95,37;2,03;0,15;0,35;0,01;1,03;1,05;2,38;97,62;94,33
45020;Sweetwater, TX;73,17;8,12;3,54;1,02;0,47;10,21;3,47;17,53;82,47;66,69
45140;Tahlequah, OK;83,65;4,70;0,62;0,44;0,00;8,33;2,26;33,54;66,46;60,40
45180;Talladega-Sylacauga, AL;52,28;1,27;34,02;0,58;0,03;2,66;9,15;6,28;93,72;50,21
45260;Tallulah, LA;65,30;31,66;0,32;0,41;0,01;0,96;1,34;2,03;97,97;64,50
45340;Taos, NM;37,20;61,04;0,20;0,22;0,00;0,43;0,92;1,55;98,45;36,35
45380;Taylorville, IL;68,73;0,43;6,17;0,66;0,03;19,12;4,85;55,81;44,19;36,31
45520;The Dalles, OR;96,58;1,42;0,15;0,48;0,02;0,42;0,93;1,35;98,65;95,78
45540;The Villages, FL;86,07;0,42;4,43;0,76;0,58;5,20;2,55;14,85;85,15;77,56
45580;Thomaston, GA;86,59;9,66;0,38;0,66;0,04;1,54;1,12;5,98;94,02;82,79
45620;Thomasville, GA;68,84;27,95;0,28;0,47;0,03;1,19;1,23;2,17;97,83;68,21
45640;Thomasville-Lexington, NC;59,58;36,89;0,44;0,70;0,02;1,16;1,22;2,85;97,15;58,32
45660;Tiffin, OH;84,33;8,85;0,49;1,22;0,02;3,60;1,48;6,39;93,61;81,95
45700;Tifton, GA;93,72;2,30;0,19;0,57;0,02;1,32;1,88;4,45;95,55;91,18
45740;Toccoa, GA;61,43;28,96;0,21;1,28;0,02;6,54;1,57;10,06;89,94;58,71
45860;Torrington, CT;85,14;10,87;0,29;0,68;0,06;0,98;1,98;2,42;97,58;84,07
45900;Traverse City, MI;93,86;1,35;0,21;1,53;0,02;1,43;1,60;4,49;95,51;91,30
45980;Troy, AL;94,85;0,85;1,52;0,54;0,03;0,57;1,63;2,22;97,78;93,53
46020;Truckee-Grass Valley, CA;58,19;36,64;0,58;1,99;0,07;1,04;1,49;2,22;97,78;57,41
46100;Tullahoma, TN;91,36;0,39;1,06;1,20;0,11;2,71;3,16;8,54;91,46;86,55
46180;Tupelo, MS;91,70;4,09;0,33;0,78;0,05;1,33;1,74;3,10;96,90;90,23
46260;Tuskegee, AL;75,66;20,65;0,18;0,46;0,03;1,86;1,16;3,04;96,96;74,76
46300;Twin Falls, ID;15,47;82,64;0,14;0,35;0,01;0,32;1,06;1,08;98,92;15,23
46380;Ukiah, CA;86,94;0,41;0,91;1,00;0,10;8,39;2,24;17,57;82,43;79,11
46420;Union, SC;76,52;0,71;4,87;1,65;0,14;11,59;4,52;22,20;77,80;68,59
46460;Union City, TN-KY;66,59;31,30;0,23;0,27;0,04;0,32;1,24;0,97;99,03;66,11
46500;Urbana, OH;83,72;12,88;0,19;0,32;0,04;1,58;1,27;2,72;97,28;82,76
46620;Uvalde, TX;94,74;2,22;0,36;0,38;0,03;0,37;1,90;1,12;98,88;94,13
46740;Valley, AL;78,13;0,64;0,55;0,51;0,02;17,17;2,97;69,30;30,70;29,03
46780;Van Wert, OH;58,78;38,75;0,20;0,49;0,03;0,63;1,13;1,57;98,43;58,14
46820;Vermillion, SD;96,58;0,87;0,15;0,23;0,01;0,78;1,38;2,57;97,43;95,15
46860;Vernal, UT;91,15;1,33;3,09;1,67;0,03;0,45;2,26;2,00;98,00;90,05
46900;Vernon, TX;86,63;0,37;7,70;0,51;0,23;2,23;2,33;7,15;92,85;82,85
46980;Vicksburg, MS;78,20;8,02;1,07;0,72;0,04;9,39;2,54;25,92;74,08;63,43
47080;Vidalia, GA;50,33;46,99;0,26;0,85;0,02;0,67;0,87;1,84;98,16;49,50
47180;Vincennes, IN;66,08;25,21;0,22;0,62;0,04;6,39;1,43;9,73;90,27;63,37
47340;Wabash, IN;94,89;2,62;0,19;0,56;0,03;0,48;1,23;1,53;98,47;94,05
47420;Wahpeton, ND-MN;96,58;0,50;0,66;0,42;0,02;0,71;1,12;2,12;97,88;95,38
47460;Walla Walla, WA;95,59;0,55;1,72;0,46;0,04;0,41;1,23;1,75;98,25;94,53
47500;Walterboro, SC;84,47;1,84;1,03;1,29;0,28;7,98;3,11;19,72;80,28;74,18
47540;Wapakoneta, OH;57,01;39,03;0,83;0,32;0,02;1,28;1,51;2,81;97,19;55,89
47620;Warren, PA;97,85;0,29;0,18;0,37;0,03;0,34;0,93;1,18;98,82;97,12
47660;Warrensburg, MO;98,13;0,36;0,19;0,38;0,03;0,13;0,80;0,73;99,27;97,64
47700;Warsaw, IN;90,02;4,33;0,53;1,52;0,24;0,76;2,60;3,06;96,94;88,16
47780;Washington, IN;93,32;0,74;0,30;0,84;0,02;3,40;1,38;7,28;92,72;89,88
47820;Washington, NC;95,04;0,54;0,22;0,51;0,03;2,58;1,08;4,15;95,85;93,83
47920;Washington Court House, OH;68,16;25,59;0,44;0,35;0,04;4,16;1,27;6,63;93,37;66,39
47980;Watertown, SD;94,63;2,02;0,23;0,54;0,03;0,82;1,74;1,79;98,21;93,79
48020;Watertown-Fort Atkinson, WI;95,55;0,31;1,69;0,41;0,00;0,83;1,20;1,76;98,24;94,90
48060;Watertown-Fort Drum, NY;93,96;0,81;0,31;0,67;0,02;2,96;1,27;6,64;93,36;90,70
48100;Wauchula, FL;88,66;5,06;0,50;1,31;0,26;1,44;2,78;5,29;94,71;85,76
48180;Waycross, GA;72,17;6,98;0,62;1,07;0,04;17,14;1,97;42,89;57,11;48,01
48220;Weatherford, OK;73,35;22,49;0,36;0,61;0,05;1,69;1,44;3,80;96,20;71,62
48460;West Plains, MO;78,11;3,03;6,34;1,01;0,04;7,58;3,90;13,94;86,06;73,42
48500;West Point, MS;96,29;0,39;0,67;0,49;0,03;0,50;1,63;1,73;98,27;95,29
48580;Whitewater, WI;40,47;58,24;0,13;0,22;0,01;0,35;0,58;0,96;99,04;40,11
48740;Willimantic, CT;91,89;0,96;0,30;0,83;0,04;4,50;1,48;10,35;89,65;86,76
48780;Williston, ND;89,59;2,21;0,47;1,17;0,04;4,22;2,29;9,58;90,42;85,40
48820;Willmar, MN;92,15;0,28;4,01;0,35;0,02;0,31;2,88;1,95;98,05;90,92
48940;Wilmington, OH;92,82;2,33;0,31;0,41;0,04;2,89;1,20;11,15;88,85;85,14
48980;Wilson, NC;94,68;2,22;0,23;0,51;0,04;0,47;1,85;1,33;98,67;93,95
49060;Winfield, KS;51,98;39,01;0,29;0,82;0,03;6,31;1,57;9,51;90,49;49,43
49100;Winona, MN;86,25;2,77;1,99;1,61;0,05;3,89;3,44;9,07;90,93;82,16
49260;Woodward, OK;94,39;1,26;0,26;2,14;0,00;0,78;1,17;2,42;97,58;92,94
49300;Wooster, OH;86,74;1,58;2,80;0,57;0,04;5,62;2,64;10,60;89,40;82,82
49380;Worthington, MN;95,65;1,49;0,16;0,76;0,02;0,50;1,41;1,57;98,43;94,70
49460;Yankton, SD;75,81;3,48;0,52;5,46;0,05;12,84;1,84;22,55;77,45;67,20
49540;Yazoo City, MS;92,83;1,52;2,55;0,52;0,03;1,12;1,44;2,74;97,26;91,64
49780;Zanesville, OH;39,95;57,06;0,29;0,45;0,01;0,71;1,54;4,64;95,36;37,33
;;92,97;3,78;0,22;0,33;0,02;0,23;2,45;0,76;99,24;92,48
;;84,79;8,20;2,62;0,46;0,04;2,23;1,66;5,91;94,09;81,63
;;;;;;;;;;;
;;;;;;;;;;;
;;;;;;;;;;;
;;;;;;;;;;;
;;;;;;;;;;;
;;;;;;;;;;;
;;;;;;;;;;;
;;;;;;;;;;;
;;;;;;;;;;;
;;;;;;;;;;;
;;;;;;;;;;;
;;;;;;;;;;;
;;;;;;;;;;;
;;;;;;;;;;;
;;;;;;;;;;;
;;;;;;;;;;;
;;;;;;;;;;;
;;;;;;;;;;;
;;;;;;;;;;;
;;;;;;;;;;;
;;;;;;;;;;;
;;;;;;;;;;;
;;;;;;;;;;;
;;;;;;;;;;;
;;;;;;;;;;;
;;;;;;;;;;;
;;;;;;;;;;;
;;;;;;;;;;;
;;;;;;;;;;;
;;;;;;;;;;;
;;;;;;;;;;;
;;;;;;;;;;;
;;;;;;;;;;;
;;;;;;;;;;;
